domain,ip,latitude,longitude,locationVerified,processed,GoogleAnalyticsTrackingId,AddThisPubID,FacebookId,TwitterId
abilenetimes.com,3.213.234.4,32.4487364,-99.7331439,0,,,,,
abqtimes.com,3.219.182.20,35.0843859,-106.650422,0,,,,,
adamscountytimes.com,3.219.182.20,39.8398269,-104.1930918,0,,,,,
adareporter.com,3.219.182.20,38.52,-89.98,0,,,,,
aikentimes.com,3.212.144.110,33.5604168,-81.7195533,0,,,,,
akbusinessdaily.com,34.234.42.207,39.0437192,-77.4874899,0,,ua-114372942-7,,1539330633032940,
akronreporter.com,3.218.216.245,41.0814447,-81.5190053,0,,,,,
albanystandard.com,3.212.144.110,42.6525793,-73.7562317,0,,,,,
albusinessdaily.com,34.234.42.207,39.0437192,-77.4874899,0,,ua-114372942-6,,499614453836277,
alleghenyhighlandstoday.com,3.212.144.110,37.7717792,-79.9669001,0,,,,,
amarillogazette.com,3.213.234.4,35.2219971,-101.8312969,0,,,,,
amestoday.com,3.224.13.68,42.0307812,-93.6319131,0,,,,,
andersonreporter.com,3.218.216.245,38.97383,-95.250525,0,,,,,
annarbortimes.com,3.218.216.245,42.2808256,-83.7430378,0,,ua-147552306-1,,485774048928360,
annearundeltoday.com,35.170.88.147,38.9530109,-76.5488232,0,,,,,
anokatimes.com,3.224.13.68,45.1977428,-93.3871758,0,,,,,
arbusinessdaily.com,34.234.42.207,39.0437192,-77.4874899,0,,ua-114372942-42,,2181112815251856,
ashevillereporter.com,3.212.144.110,35.5950581,-82.5514869,0,,,,,
athensreporter.com,3.212.144.110,37.9838096,23.7275388,0,,,,,
atlstandard.com,3.212.144.110,33.6407282,-84.4277001,0,,,,,
auburntimes.com,3.213.234.4,32.6098566,-85.4807825,0,,,,,
austintxnews.com,3.213.234.4,30.267153,-97.7430608,0,,,,,
azbusinessdaily.com,34.234.42.207,39.0437192,-77.4874899,0,,ua-58698159-22,,1539330633032940,azbizdaily
baldwintimes.com,3.213.234.4,38.7747055,-95.2009909,0,,,,,
baltimorecitywire.com,35.170.88.147,39.2903848,-76.6121893,0,,,,,
batonrougereporter.com,3.213.234.4,30.4514677,-91.1871466,0,,,,,
battlecreektimes.com,3.218.216.245,44.868691,-123.022714,0,,ua-147552306-2,,485774048928360,
beehivestatenews.com,3.219.182.20,39.3209801,-111.0937311,0,,ua-72640900-1,,beehivestate,beehive_state
bentontimes.com,3.213.234.4,34.5645371,-92.586828,0,,,,,
berkeleyleader.com,3.212.144.110,37.8715226,-122.273042,0,,,,,
bigskytimes.com,3.219.182.20,45.2617806,-111.3080244,0,,,,,
bloomingtonleader.com,3.218.216.245,39.165325,-86.5263857,0,,,,,
bluegrasstimes.com,3.213.234.4,37.984467,-121.4957979,0,,,,,
bluestonenews.com,3.212.144.110,39.9636111,-82.985,0,,,,,
boisecitywire.com,3.219.182.20,43.6150186,-116.2023137,0,,,,,
boulderleader.com,3.219.182.20,40.0149856,-105.2705456,0,,,,,
bowlinggreentoday.com,3.213.234.4,36.9685219,-86.4808043,0,,,,,
bransontimes.com,3.224.13.68,36.6436731,-93.2185144,0,,,,,
brevardsun.com,3.212.144.110,35.2334472,-82.7342919,0,,,,,
buckeyereporter.com,3.218.216.245,33.3703197,-112.5837766,0,,,,,
burlingtonreporter.com,3.212.144.110,36.135688,-95.9199116,0,,ua-149669420-41,,burlington-reporter-121484399239483,
butlercountytoday.com,3.218.216.245,39.440463,-84.5222189,0,,,,,
cabarrustoday.com,3.212.144.110,35.4168123,-80.5882803,0,,,,,
cabusinessdaily.com,34.234.42.207,39.0437192,-77.4874899,0,,ua-114372942-4,,800849203443822,cabusinessdaily
cantonreporter.com,3.218.216.245,34.2367621,-84.4907621,0,,,,,
capemonews.com,3.224.13.68,37.3058839,-89.5181476,0,,,,,
carbondalereporter.com,35.170.88.147,37.7272727,-89.2167501,0,,ua-58698159-41,,dreamthinkdo,carbondale_news
cdareporter.com,3.219.182.20,44.831093,-93.1571926,0,,,,,
cedarrapidstoday.com,3.224.13.68,41.9778795,-91.6656232,0,,,,,
centennialstatenews.com,3.219.182.20,39.5500507,-105.7820674,0,,,,,
centralbrowardnews.com,3.212.144.110,26.139978,-80.198734,0,,,,,
centralcoloradonews.com,3.219.182.20,39.5500507,-105.7820674,0,,,,,
centralgeorgianews.com,3.212.144.110,32.8125938,-83.6918538,0,,,,,
centralidahotimes.com,3.219.182.20,42.6349193,-111.8116205,0,,,,,
centraliowatimes.com,3.224.13.68,41.8780025,-93.097702,0,,,,,
centrallouisiananews.com,3.213.234.4,30.554281,-91.0368766,0,,,,,
centralmissourinews.com,3.224.13.68,38.758081,-93.7383705,0,,,,,
centralmontanatimes.com,3.219.182.20,47.4996436,-111.2721245,0,,,,,
centralndnews.com,3.224.13.68,31.087063,-97.3879047,0,,,,,
centralnovanews.com,3.212.144.110,26.0883308,-80.2379834,0,,,,,
centralohiotoday.com,3.218.216.245,40.0154745,-82.9931607,0,,,,,
centralsdnews.com,3.224.13.68,36.765117,-119.9705018,0,,,,,
centralshenandoahnews.com,3.212.144.110,38.277678,-78.941003,0,,,,,
centralstlnews.com,3.224.13.68,38.6270025,-90.1994042,0,,,,,
centraltxnews.com,3.213.234.4,30.2854944,-97.6653991,0,,,,,
centralutahnews.com,3.219.182.20,37.4166853,-113.6246009,0,,,,,
centralvatimes.com,3.212.144.110,38.4852928,-78.951451,0,,,,,
centralwisconsinnews.com,3.218.216.245,44.784201,-89.67268,0,,,,,
centralwynews.com,3.219.182.20,43.0304794,-108.426918,0,,,,,
centroplexnews.com,3.213.234.4,31.0851731,-97.7815524,0,,,,,
chambanasun.com,35.170.88.147,40.1136923,-88.2520123,0,,ua-58698159-24,,1509621892677861,chambanasun
chapelhillreview.com,3.212.144.110,35.9131996,-79.0558445,0,,,,,
charlestonleader.com,3.212.144.110,32.7764749,-79.9310512,0,,,,,
charlestonreporter.com,3.212.144.110,32.7764749,-79.9310512,0,,,,,
chicagocitywire.com,35.170.88.147,41.8781136,-87.6297982,0,,ua-58698159-42,,1509621892677861,markgiangreco7
chippewavalleytimes.com,3.218.216.245,42.6366424,-82.9394002,0,,,,,
cincyreporter.com,3.218.216.245,39.1031182,-84.5120196,0,,,,,
clarksvilletimes.com,3.213.234.4,36.5297706,-87.3594528,0,,,,,
claycotimes.com,3.212.144.110,38.6921033,-90.3522815,0,,,,,
clayreporter.com,3.224.13.68,37.083014,-94.4932455,0,,,,,
clermonttimes.com,3.218.216.245,28.5494447,-81.7728543,0,,,,,
clevelandreporter.com,3.218.216.245,41.49932,-81.6943605,0,,,,,
coastalganews.com,3.212.144.110,31.1832649,-81.4867812,0,,,,,
cobbreporter.com,3.212.144.110,27.7972554,-82.7363715,0,,,,,
cobusinessdaily.com,34.234.42.207,39.0437192,-77.4874899,0,,ua-114372942-8,,colorado-business-daily-2021289557943148,
coconinonews.com,3.219.182.20,35.6647545,-111.4752851,0,,,,,
collintimes.com,3.213.234.4,33.2181719,-96.6418315,0,,,,,
columbiamonews.com,3.224.13.68,38.9517053,-92.3340724,0,,,,,
columbiastandard.com,3.212.144.110,40.8075355,-73.9625727,0,,,,,
columbusstandard.com,3.218.216.245,39.9611755,-82.9987942,0,,,,,
conchovalleynews.com,3.213.234.4,31.4180499,-100.482093,0,,,,,
cookcountyrecord.com,52.7.148.177,41.7376587,-87.697554,0,,ua-474105-9,,cookcountyrecord,tractioncs
cornhuskerstatenews.com,3.224.13.68,41.4925374,-99.9018131,0,,,,,
corpuschristisun.com,3.213.234.4,27.8005828,-97.396381,0,,,,,
ctbusinessdaily.com,34.234.42.207,39.0437192,-77.4874899,0,,ua-114372942-9,,229590937823711,
dakotatimes.com,3.224.13.68,44.973659,-93.275307,0,,,,,
dallascitywire.com,3.213.234.4,32.7766642,-96.7969879,0,,,,,
davistimes.com,3.219.182.20,38.5449065,-121.7405167,0,,,,,
daytonreporter.com,3.218.216.245,39.7589478,-84.1916069,0,,,,,
dcbusinessdaily.com,34.234.42.207,39.0437192,-77.4874899,0,,ua-114396355-4,,1539330633032940,
debusinessdaily.com,34.234.42.207,39.0437192,-77.4874899,0,,ua-114372942-10,,delaware-business-daily-1684218098340690,
decaturtimes.com,3.213.234.4,33.7748275,-84.2963123,0,,,,,
dekalbganews.com,3.212.144.110,33.7956441,-84.2278796,0,,,,,
dekalbtimes.com,35.170.88.147,41.9294736,-88.7503647,0,,ua-89264302-2,,1509621892677861,dekalb_times
delcoreview.com,3.218.216.245,39.907793,-75.3878525,0,,,,,
denvercitywire.com,3.219.182.20,39.7392358,-104.990251,0,,,,,
desmoinessun.com,3.224.13.68,41.5868353,-93.6249593,0,,,,,
detroitcitywire.com,3.218.216.245,42.331427,-83.0457538,0,,,,,
dorchestertoday.com,3.212.144.110,42.3016305,-71.067605,0,,,,,
downrivertoday.com,3.218.216.245,47.6868092,-117.4665337,0,,ua-147552306-4,,485774048928360,
dubuquetimes.com,3.224.13.68,42.5022661,-90.6654675,0,,,,,
dupagepolicyjournal.com,35.170.88.147,41.8243831,-88.0900762,0,,ua-58698159-2,,illinoispolicy,dupagejournal
durhamreporter.com,3.212.144.110,35.9940329,-78.898619,0,,,,,
duvaltimes.com,3.212.144.110,30.3500511,-81.6035062,0,,,,,
eaglevalleytimes.com,3.219.182.20,39.0090037,-94.2264666,0,,,,,
eastarapahoenews.com,3.219.182.20,39.62031,-104.332644,0,,,,,
eastarizonanews.com,3.219.182.20,39.0437192,-77.4874899,0,,,,,
eastcentralreporter.com,35.170.88.147,29.3521694,-98.2964489,0,,ua-58698159-34,,1509621892677861,eastcentreport
eastclevelandnews.com,3.218.216.245,41.5331066,-81.5790137,0,,,,,
eastdfwnews.com,3.213.234.4,32.8386646,-97.0125148,0,,,,,
easternshoretimes.com,3.212.144.110,37.5397721,-75.8229685,0,,,,,
easternwaynetoday.com,3.218.216.245,35.3771332,-77.8815301,0,,ua-147552306-7,,485774048928360,
easthillsboroughnews.com,3.212.144.110,27.9994621,-82.3147141,0,,,,,
easthoustonnews.com,3.213.234.4,29.8296699,-95.2699349,0,,,,,
eastidahotimes.com,3.219.182.20,43.8175115,-111.8012371,0,,,,,
eastindynews.com,3.218.216.245,39.7704511,-86.0717174,0,,,,,
eastkentuckytimes.com,3.213.234.4,37.5164758,-82.8067126,0,,,,,
eastlakenormannews.com,3.212.144.110,35.5019795,-80.918003,0,,,,,
eastlittlerocktimes.com,3.213.234.4,34.73983,-92.235967,0,,,,,
eastlouisvillenews.com,3.213.234.4,38.2526647,-85.7584557,0,,,,,
eastmichigannews.com,3.218.216.245,44.3148443,-85.6023643,0,,,,,
eastnewmexiconews.com,3.219.182.20,34.5199402,-105.8700901,0,,,,,
eastokcnews.com,3.224.13.68,39.0437192,-77.4874899,0,,,,,
eastpanhandlenews.com,3.212.144.110,39.3349019,-78.5660852,0,,,,,
eastpanhandletimes.com,3.212.144.110,39.3349019,-78.5660852,0,,,,,
eastpennyroyalnews.com,3.213.234.4,37.4943617,-84.998249,0,,,,,
eastrgvnews.com,3.213.234.4,39.0437192,-77.4874899,0,,,,,
eastslcnews.com,3.219.182.20,40.7508769,-111.8552576,0,,,,,
eaststarknews.com,3.218.216.245,45.5189295,-122.488203,0,,,,,
easttwincities.com,3.224.13.68,44.9374831,-93.2009998,0,,,,,
eastvolusianews.com,3.212.144.110,29.0279842,-81.0754657,0,,,,,
eastwaketimes.com,3.212.144.110,35.8140657,-78.424497,0,,,,,
eastwichitatimes.com,3.224.13.68,37.6871761,-97.330053,0,,,,,
ecalabamanews.com,3.213.234.4,39.0437192,-77.4874899,0,,,,,
ecgeorgianews.com,3.212.144.110,32.1656221,-82.9000751,0,,,,,
ecindiananews.com,3.218.216.245,39.0437192,-77.4874899,0,,,,,
eciowanews.com,3.224.13.68,39.0437192,-77.4874899,0,,,,,
eckansasnews.com,3.224.13.68,35.20105,-91.8318334,0,,,,,
ecmissnews.com,3.213.234.4,39.0437192,-77.4874899,0,,,,,
ecnebraskanews.com,3.224.13.68,40.886728,-96.622094,0,,,,,
ecnorthcarolinanews.com,3.212.144.110,39.0437192,-77.4874899,0,,,,,
ecohionews.com,3.218.216.245,39.4067414,-84.3043851,0,,,,,
ecoklahomanews.com,3.224.13.68,35.0077519,-97.092877,0,,,,,
ectexasnews.com,3.213.234.4,39.0437192,-77.4874899,0,,,,,
ecvirginianews.com,3.212.144.110,37.4315734,-78.6568942,0,,,,,
ecwisconsinnews.com,3.218.216.245,43.7844397,-88.7878678,0,,,,,
elizabethtowntimes.com,3.213.234.4,37.7030646,-85.8649408,0,,,,,
elkharttimes.com,3.218.216.245,41.6819935,-85.9766671,0,,,,,
elpasostandard.com,3.213.234.4,31.7618778,-106.4850217,0,,,,,
emeraldcoasttimes.com,3.212.144.110,30.3886761,-86.4533322,0,,,,,
enchantmentstatenews.com,3.219.182.20,39.0437192,-77.4874899,0,,,,,
equalitystatenews.com,3.219.182.20,43.0759678,-107.2902839,0,,,,,
fairfieldreporter.com,3.218.216.245,41.1408363,-73.2612615,0,,,,,
fargostandard.com,3.224.13.68,46.8771863,-96.7898034,0,,,,,
farwesttxnews.com,3.213.234.4,32.7183382,-96.6820478,0,,,,,
fayettevillestandard.com,3.213.234.4,35.0526641,-78.8783585,0,,,,,
fayettevilletoday.com,3.212.144.110,35.0526641,-78.8783585,0,,,,,
findlaytimes.com,3.218.216.245,41.04422,-83.6499321,0,,,,,
firststatetimes.com,3.212.144.110,38.9710769,-95.2890118,0,,,,,
flarecord.com,52.7.148.177,27.6648274,-81.5157535,0,,ua-75903094-1,,florida-record-772624976214511,floridarecord
flbusinessdaily.com,34.234.42.207,39.0437192,-77.4874899,0,,ua-58698159-21,,1539330633032940,flbizdaily
floridaparishnews.com,3.213.234.4,30.502557,-90.244953,0,,,,,
fondulacnews.com,3.218.216.245,43.7730448,-88.4470508,0,,,,,
foothillsreview.com,3.212.144.110,44.6703301,-70.1490845,0,,,,,
forestcountrynews.com,3.213.234.4,26.5002872,-81.8590422,0,,,,,
fortsmithtimes.com,3.213.234.4,35.3859242,-94.3985475,0,,,,,
foxcitiesnews.com,3.218.216.245,44.261275,-88.458663,0,,,,,
fredericksburgleader.com,3.212.144.110,30.2752011,-98.8719843,0,,,,,
ftwaynetimes.com,3.218.216.245,41.079273,-85.1393513,0,,,,,
ftworthtimes.com,3.213.234.4,32.7554883,-97.3307658,0,,,,,
gabusinessdaily.com,34.234.42.207,39.0437192,-77.4874899,0,,ua-114372942-11,,1539330633032940,
gadsdentoday.com,3.213.234.4,34.014264,-86.0066386,0,,,,,
galesburgreporter.com,35.170.88.147,40.9478158,-90.3712395,0,,ua-89264302-23,,1509621892677861,
gastoniatimes.com,3.212.144.110,35.262082,-81.1873005,0,,,,,
gatewayreporter.com,3.212.144.110,37.0699685,-94.5349274,0,,,,,
gemstatewire.com,3.219.182.20,44.0682019,-114.7420408,0,,,,,
geneseenews.com,3.218.216.245,43.0777289,-83.6773928,0,,,,,
georgiamountainnews.com,3.212.144.110,34.6255842,-83.7933335,0,,,,,
glaciercountrynews.com,3.219.182.20,46.9172922,-114.0642645,0,,,,,
grandcanyontimes.com,3.219.182.20,36.1069652,-112.1129972,0,,,,,
grandjunctiontimes.com,3.219.182.20,39.0638705,-108.5506486,0,,,,,
grandrapidsreporter.com,3.218.216.245,42.9633599,-85.6680863,0,,,,,
graysontimes.com,3.213.234.4,35.5031598,-95.8727725,0,,,,,
greatlakeswire.com,3.218.216.245,43.1240448,-89.3499345,0,,ua-147552306-38,,great-lakes-wire-110870006973319,
greenbayreporter.com,3.218.216.245,44.5133188,-88.0132958,0,,,,,
greenecotimes.com,3.218.216.245,29.7763008,-95.741344,0,,,,,
greensbororeporter.com,3.212.144.110,36.0726354,-79.7919754,0,,,,,
greenvilleleader.com,3.212.144.110,34.8526176,-82.3940104,0,,,,,
greenvillereporter.com,3.212.144.110,34.8526176,-82.3940104,0,,,,,
grundyreporter.com,35.170.88.147,37.2778886,-82.0990223,0,False,,,,
gtrtimes.com,3.213.234.4,26.1306899,-80.2020047,0,False,,,,
hamiltonreporter.com,3.213.234.4,37.1929578,-95.7175467,0,False,,,,
harfordnews.com,35.170.88.147,39.5838964,-76.3637285,0,False,,,,
hawkeyereporter.com,3.224.13.68,38.0055931,-92.3929539,0,False,,,,
henricotimes.com,3.212.144.110,37.5059332,-77.3324425,0,False,,,,
hernandoreporter.com,3.212.144.110,28.5578826,-82.4752757,0,False,,,,
hibusinessdaily.com,34.234.42.207,39.0437192,-77.4874899,0,False,,,,
hickorysun.com,3.212.144.110,35.7344538,-81.3444573,0,False,,,,
highcountrytimes.com,3.212.144.110,42.5424891,-71.7475692,0,False,,,,
hillcountrychronicle.com,3.213.234.4,34.2206299,-80.9722696,0,False,,,,
hiltonheadreporter.com,3.212.144.110,32.2010982,-80.7369815,0,False,,,,
hindstoday.com,3.213.234.4,32.2648353,-90.3748354,0,False,,,,
hollandreporter.com,3.218.216.245,52.132633,5.291266,0,False,,,,
hoosierstatetoday.com,3.218.216.245,40.2671941,-86.1349019,0,False,,,,
hopkinsvilletimes.com,3.213.234.4,36.8656008,-87.4886186,0,False,,,,
hotspringstimes.com,3.213.234.4,45.6604092,-111.1880102,0,False,,,,
houmathibodauxnews.com,3.213.234.4,29.6464394,-90.8165023,0,False,,,,
houstonrepublic.com,3.213.234.4,29.8219587,-95.2445685,0,False,,,,
howardconews.com,35.170.88.147,39.2873463,-76.964306,0,False,,,,
huntingtontimes.com,3.212.144.110,45.0271545,-84.6733991,0,False,,,,
huntsvilleleader.com,3.213.234.4,34.7303688,-86.5861037,0,False,,,,
hutchtoday.com,3.224.13.68,37.8230951,-82.8318328,0,False,,,,
iabusinessdaily.com,34.234.42.207,39.0437192,-77.4874899,0,False,,,,
ibxnews.com,3.212.144.110,39.9538072,-75.1719799,0,False,,,,
idbusinessdaily.com,34.234.42.207,39.0437192,-77.4874899,0,False,,,,
ilbusinessdaily.com,34.234.42.207,39.0437192,-77.4874899,0,False,,,,
illinoisvalleytimes.com,35.170.88.147,39.1267023,-89.8159217,0,False,,,,
indianabusinessdaily.com,34.234.42.207,39.7668804,-86.1565876,0,False,,,,
indystandard.com,3.218.216.245,39.768403,-86.158068,0,False,,,,
injouercad.us,domain did not resolve,,,0,False,,,,
iowacitytoday.com,3.224.13.68,41.6611277,-91.5301683,0,False,,,,
jacksonpurchasenews.com,3.213.234.4,37.0572381,-88.5738195,0,False,,,,
jeffcitynews.com,3.224.13.68,38.5767017,-92.1735164,0,False,,,,
jeffcotimes.com,3.224.13.68,39.5800298,-105.2662931,0,False,,,,
jeffersonreporter.com,3.213.234.4,37.1095843,-95.7625713,0,False,,,,
jocotoday.com,3.224.13.68,35.4403514,-78.3842227,0,False,,,,
johnsoncitytimes.com,3.213.234.4,36.3134397,-82.3534727,0,False,,,,
johnstonreporter.com,3.212.144.110,41.6709834,-93.7130493,0,False,,,,
jonesborotimes.com,3.213.234.4,35.8422967,-90.704279,0,False,,,,
kalamazootimes.com,3.218.216.245,42.2917069,-85.5872286,0,False,,,,
kanecountyreporter.com,35.170.88.147,41.987884,-88.4016041,0,False,,,,
kankakeetimes.com,35.170.88.147,41.1200325,-87.8611531,0,False,,,,
kcreporter.com,3.224.13.68,39.0997265,-94.5785667,0,False,,,,
kendallcountytimes.com,35.170.88.147,41.5507043,-88.4403883,0,False,,,,
kenoshareporter.com,3.218.216.245,42.5847425,-87.8211854,0,False,,,,
kentcountytoday.com,3.212.144.110,43.0097027,-85.520024,0,False,,,,
kentuckianatimes.com,3.218.216.245,38.2595079,-85.7409594,0,False,,,,
keystonebusinessnews.com,34.234.42.207,41.8427954,-87.9556981,0,False,,,,
keywestreporter.com,3.212.144.110,24.5550593,-81.7799871,0,False,,,,
kingsportreporter.com,3.213.234.4,36.548434,-82.5618186,0,False,,,,
knoxtimes.com,3.213.234.4,33.682969,-112.094475,0,False,,,,
kokomostandard.com,3.218.216.245,40.486427,-86.1336033,0,False,,,,
ksbusinessdaily.com,34.234.42.207,39.0437192,-77.4874899,0,False,,,,
kybusinessdaily.com,34.234.42.207,39.0437192,-77.4874899,0,False,,,,
labusinessdaily.com,34.234.42.207,39.0437192,-77.4874899,0,False,,,,
lafayettereporter.com,3.213.234.4,30.2240897,-92.0198427,0,False,,,,
lafayettetimes.com,3.218.216.245,30.2240897,-92.0198427,0,False,,,,
lakecountygazette.com,35.170.88.147,39.0839644,-122.8084496,0,False,,,,
lakecountytimes.com,3.218.216.245,39.0839644,-122.8084496,0,False,,,,
lansingsun.com,3.218.216.245,42.732535,-84.5555347,0,False,,,,
laredotimes.com,3.213.234.4,27.5035613,-99.5075519,0,False,,,,
larimernews.com,3.219.182.20,39.7477083,-104.9991,0,False,,,,
lasvegasrecord.com,3.219.182.20,36.1699412,-115.1398296,0,False,,,,
lawrencereporter.com,3.224.13.68,38.9716689,-95.2352501,0,False,,,,
leetoday.com,3.212.144.110,42.3042151,-73.2481951,0,False,,,,
legalnewsline.com,52.7.148.177,43.6961725,-79.4389309,0,False,,,,
lickingtoday.com,3.218.216.245,37.4994884,-91.8570984,0,False,,,,
lightofbaldr.com,96.69.183.13,39.7348381,-104.9653271,0,False,,,,
limareporter.com,3.218.216.245,-12.0463731,-77.042754,0,False,,,,
livingstontoday.com,3.218.216.245,42.605934,-83.906,0,False,,,,
lonestarstandard.com,3.213.234.4,33.5260478,-101.8064644,0,False,,,,
longviewtimes.com,3.213.234.4,32.5007037,-94.7404891,0,False,,,,
loraintimes.com,3.218.216.245,41.452819,-82.1823746,0,False,,,,
louisianarecord.com,52.7.148.177,30.9842977,-91.9623327,0,False,,,,
louisvillecitywire.com,3.213.234.4,38.2523291,-85.7573948,0,False,,,,
lowedeltanews.com,3.213.234.4,39.0437192,-77.4874899,0,False,,,,
lowerwestscnews.com,3.212.144.110,39.0437192,-77.4874899,0,False,,,,
lubbocktimes.com,3.213.234.4,33.5778631,-101.8551665,0,False,,,,
lynchburgreporter.com,3.212.144.110,37.4137536,-79.1422464,0,False,,,,
mabusinessdaily.com,34.234.42.207,39.0437192,-77.4874899,0,False,,,,
macombtoday.com,3.218.216.245,42.7168759,-82.820974,0,False,,,,
maconreporter.com,35.170.88.147,32.8406946,-83.6324022,0,False,,,,
macontimes.com,3.212.144.110,32.8406946,-83.6324022,0,False,,,,
madisonrecord.com,52.7.148.177,43.0730517,-89.4012302,0,False,,,,
madisonreporter.com,3.218.216.245,43.0730517,-89.4012302,0,False,,,,
magicvalleytimes.com,3.219.182.20,26.1788375,-98.1858901,0,False,,,,
magnoliastatenews.com,3.213.234.4,32.3546679,-89.3985283,0,False,,,,
mainebusinessdaily.com,34.234.42.207,39.645425,-105.08031,0,False,,,,
manateereview.com,3.212.144.110,27.4799195,-82.345189,0,False,,,,
mansfieldtimes.com,3.218.216.245,32.5631924,-97.1416768,0,False,,,,
marionmorrowtimes.com,3.218.216.245,40.734188,-82.791037,0,False,,,,
mchenrytimes.com,35.170.88.147,42.333355,-88.2667534,0,False,,,,
mcleancountytimes.com,35.170.88.147,40.5478429,-88.864698,0,False,,,,
mdbusinessdaily.com,34.234.42.207,39.0437192,-77.4874899,0,False,,,,
mdstatewire.com,35.170.88.147,39.0457549,-76.6412712,0,False,,,,
medinatoday.com,3.218.216.245,24.5246542,39.5691841,0,False,,,,
memphisstandard.com,3.213.234.4,35.1495343,-90.0489801,0,False,,,,
metroeastsun.com,35.170.88.147,45.503129,-122.4220359,0,False,,,,
metrolexnews.com,3.213.234.4,39.0437192,-77.4874899,0,False,,,,
miamicourant.com,3.212.144.110,25.7616798,-80.1917902,0,False,,,,
mibusinessdaily.com,34.234.42.207,39.0437192,-77.4874899,0,False,,,,
micapitolnews.com,3.218.216.245,42.7336274,-84.5553944,0,False,,,,
midcitytimes.com,3.213.234.4,33.9065619,-84.3632241,0,False,,,,
minneapolisreview.com,3.224.13.68,44.977753,-93.2650108,0,False,,,,
minnesotastatewire.com,3.224.13.68,44.1513247,-94.0005078,0,False,,,,
mkecitywire.com,3.218.216.245,43.0389025,-87.9064736,0,False,,,,
mkenorth.com,3.218.216.245,40.7615782,-73.5038248,0,False,,,,
mkesouth.com,3.218.216.245,42.924403,-87.859665,0,False,,,,
mnbusinessdaily.com,34.234.42.207,39.0437192,-77.4874899,0,False,,,,
mobilecourant.com,3.213.234.4,39.0437192,-77.4874899,0,False,,,,
mobusinessdaily.com,34.234.42.207,39.0437192,-77.4874899,0,False,,,,
mohavetoday.com,3.219.182.20,35.2143346,-113.7632828,0,False,,,,
monroereview.com,3.218.216.245,36.2233773,-95.9639482,0,False,,,,
montgomerymdnews.com,35.170.88.147,39.1547426,-77.2405153,0,False,,,,
morristowntimes.com,3.213.234.4,40.7967667,-74.4815438,0,False,,,,
mountainstatetimes.com,3.212.144.110,39.3161069,-80.2231889,0,False,,,,
msbusinessdaily.com,34.234.42.207,39.0437192,-77.4874899,0,False,,,,
msgulfnews.com,3.213.234.4,39.0437192,-77.4874899,0,False,,,,
mtbusinessdaily.com,34.234.42.207,39.0437192,-77.4874899,0,False,,,,
munciereporter.com,3.218.216.245,40.1933767,-85.3863599,0,False,,,,
muskegonsun.com,3.218.216.245,43.2341813,-86.2483921,0,False,,,,
myrtlebeachleader.com,3.212.144.110,33.6890603,-78.8866943,0,False,,,,
nantahalanews.com,3.212.144.110,35.0710712,-83.5283633,0,False,,,,
naplesstandard.com,3.212.144.110,26.1420358,-81.7948103,0,False,,,,
nashvillestandard.com,3.213.234.4,36.1626638,-86.7816016,0,False,,,,
naturalstatenews.com,3.213.234.4,35.20105,-91.8318334,0,False,,,,
naturecoasttimes.com,3.212.144.110,28.4884728,-82.463433,0,False,,,,
ncarkansasnews.com,3.213.234.4,36.0148605,-94.2333355,0,False,,,,
ncbusinessdaily.com,34.234.42.207,39.0437192,-77.4874899,0,False,,,,
ncfloridanews.com,3.212.144.110,38.2569485,-85.7555366,0,False,,,,
ncgeorgianews.com,3.212.144.110,36.5823607,-121.9384253,0,False,,,,
ncindiananews.com,3.218.216.245,39.0437192,-77.4874899,0,False,,,,
nckansasnews.com,3.224.13.68,39.011902,-98.4842465,0,False,,,,
nckentuckynews.com,3.213.234.4,37.8393332,-84.2700179,0,False,,,,
ncminnesotanews.com,3.224.13.68,46.729553,-94.6858998,0,False,,,,
ncmissnews.com,3.213.234.4,38.0837456,-97.9144762,0,False,,,,
ncncnews.com,3.212.144.110,26.8109695,-80.2061176,0,False,,,,
ncoklahomanews.com,3.224.13.68,35.0077519,-97.092877,0,False,,,,
ncsctimes.com,3.212.144.110,37.266064,-76.7048459,0,False,,,,
nctennnews.com,3.213.234.4,34.9884054,-84.3218681,0,False,,,,
ncunionnews.com,3.212.144.110,34.9338651,-80.543845,0,False,,,,
ncwisconsinnews.com,3.218.216.245,43.7844397,-88.7878678,0,False,,,,
ncwvnews.com,3.212.144.110,39.281404,-80.33911,0,False,,,,
ndbusinessdaily.com,34.234.42.207,39.0437192,-77.4874899,0,False,,,,
ndnorthnews.com,3.224.13.68,44.0800668,-103.2224717,0,False,,,,
nealabamanews.com,3.213.234.4,33.6540722,-85.8260704,0,False,,,,
neatlantanews.com,3.212.144.110,33.7489954,-84.3879824,0,False,,,,
nebraskabusinessdaily.com,34.234.42.207,41.2522704,-95.962385,0,False,,,,
necoloradonews.com,3.219.182.20,39.5995542,-104.8865923,0,False,,,,
nedallasnews.com,3.213.234.4,26.0817546,-98.2869648,0,False,,,,
nefloridanews.com,3.212.144.110,27.6648274,-81.5157535,0,False,,,,
nefranklinnews.com,3.218.216.245,40.9417229,-81.5415079,0,False,,,,
neindiananews.com,3.218.216.245,39.0437192,-77.4874899,0,False,,,,
neiowanews.com,3.224.13.68,39.0437192,-77.4874899,0,False,,,,
nekansascitynews.com,3.224.13.68,39.1131382,-94.5366582,0,False,,,,
nekansasnews.com,3.224.13.68,39.0437192,-77.4874899,0,False,,,,
nekentuckynews.com,3.213.234.4,37.09024,-95.712891,0,False,,,,
nelouisiananews.com,3.213.234.4,30.9842977,-91.9623327,0,False,,,,
nemissnews.com,3.213.234.4,37.6819414,-97.2470599,0,False,,,,
nemissourinews.com,3.224.13.68,40.3519854,-94.8825243,0,False,,,,
nemontananews.com,3.219.182.20,39.0437192,-77.4874899,0,False,,,,
nenashvillenews.com,3.213.234.4,36.1626638,-86.7816016,0,False,,,,
nenebraskanews.com,3.224.13.68,41.4925374,-99.9018131,0,False,,,,
nenewmexiconews.com,3.219.182.20,34.5199402,-105.8700901,0,False,,,,
nenorthdakotanews.com,3.224.13.68,39.0437192,-77.4874899,0,False,,,,
neohiotimes.com,3.218.216.245,41.2617873,-81.1637245,0,False,,,,
neoklahomanews.com,3.224.13.68,35.0077519,-97.092877,0,False,,,,
nepanhandlenews.com,3.224.13.68,41.9994234,-103.0005095,0,False,,,,
nepiedmontnews.com,3.212.144.110,38.9875582,-94.3463487,0,False,,,,
nesdnews.com,3.224.13.68,40.0653735,-76.7149672,0,False,,,,
netarrantnews.com,3.213.234.4,32.8382281,-97.2647979,0,False,,,,
nevalleytimes.com,3.219.182.20,39.0437192,-77.4874899,0,False,,,,
newisconsinnews.com,3.218.216.245,43.7844397,-88.7878678,0,False,,,,
newrivervalleytimes.com,3.212.144.110,37.1318461,-80.5763967,0,False,,,,
newyomingnews.com,3.219.182.20,-32.9282712,151.7816802,0,False,,,,
nhbusinessdaily.com,34.234.42.207,39.0437192,-77.4874899,0,False,,,,
njbusinessdaily.com,34.234.42.207,40.7761477,-74.0782949,0,False,,,,
nmbusinessdaily.com,34.234.42.207,39.0437192,-77.4874899,0,False,,,,
nolareporter.com,3.213.234.4,29.9510658,-90.0715323,0,False,,,,
norcalrecord.com,52.7.148.177,38.8375215,-120.8958242,0,False,,,,
nortextimes.com,3.213.234.4,33.672204,-96.670055,0,False,,,,
northacadiananews.com,3.213.234.4,39.0437192,-77.4874899,0,False,,,,
northaustinnews.com,3.213.234.4,30.3923316,-97.708224,0,False,,,,
northbaltimorejournal.com,35.170.88.147,39.2903848,-76.6121893,0,False,,,,
northbirminghamtimes.com,3.213.234.4,33.5528646,-86.8216818,0,False,,,,
northbluegrassnews.com,3.213.234.4,39.0627376,-94.8951695,0,False,,,,
northbrowardnews.com,3.212.144.110,26.3264542,-80.1824127,0,False,,,,
northcharlottetoday.com,3.212.144.110,35.2456474,-80.8017877,0,False,,,,
northcharolettenews.com,domain did not resolve,35.2456474,-80.8017877,0,False,,,,
northcincynews.com,3.218.216.245,39.3101759,-84.3363916,0,False,,,,
northcoastalnews.com,3.213.234.4,33.2026432,-117.3664976,0,False,,,,
northcolumbusnews.com,3.218.216.245,40.0137338,-83.006594,0,False,,,,
northcooknews.com,35.170.88.147,42.0081016,-87.8971582,0,False,,,,
northdsmnews.com,3.224.13.68,39.0437192,-77.4874899,0,False,,,,
northegyptnews.com,35.170.88.147,26.820553,30.802498,0,False,,,,
northernnecktimes.com,3.212.144.110,37.7731048,-76.3637285,0,False,,,,
northfairfaxnews.com,3.212.144.110,34.0887848,-118.361552,0,False,,,,
northfultontoday.com,3.212.144.110,34.0626731,-84.3204841,0,False,,,,
northguilfordnews.com,3.212.144.110,41.3670418,-72.7170405,0,False,,,,
northgwinnettnews.com,3.212.144.110,34.0854513,-84.0710286,0,False,,,,
northhennepinnews.com,3.224.13.68,45.1054194,-93.3745617,0,False,,,,
northhoustonnews.com,3.213.234.4,29.9195994,-95.5171162,0,False,,,,
northidahotimes.com,3.219.182.20,46.4152745,-117.0018462,0,False,,,,
northindynews.com,3.218.216.245,40.0442165,-85.9867757,0,False,,,,
northiowareporter.com,3.224.13.68,43.3888391,-93.9481549,0,False,,,,
northiredellnews.com,3.212.144.110,35.9295169,-80.8692097,0,False,,,,
northjeffconews.com,3.219.182.20,39.5800298,-105.2662931,0,False,,,,
northkentnews.com,3.218.216.245,43.1649974,-85.5007774,0,False,,,,
northkentuckynews.com,3.213.234.4,39.060296,-84.661122,0,False,,,,
northknoxnews.com,3.213.234.4,38.8350125,-87.3132612,0,False,,,,
northlaketimes.com,3.212.144.110,32.8712166,-96.9673029,0,False,,,,
northlittlerocktimes.com,3.213.234.4,34.769536,-92.2670941,0,False,,,,
northmecklenburgnews.com,3.212.144.110,35.3726485,-80.8341515,0,False,,,,
northmianews.com,3.212.144.110,39.0437192,-77.4874899,0,False,,,,
northmichigannews.com,3.218.216.245,44.3148443,-85.6023643,0,False,,,,
northnevadanews.com,3.219.182.20,36.1988592,-115.1175013,0,False,,,,
northnewcastlenews.com,3.212.144.110,44.0859102,-69.5742127,0,False,,,,
northokcnews.com,3.224.13.68,35.5891883,-97.5852989,0,False,,,,
northomahatimes.com,3.224.13.68,41.2851712,-96.0021764,0,False,,,,
northorlandonews.com,3.212.144.110,28.5576504,-81.3642986,0,False,,,,
northpalmbeachtoday.com,3.212.144.110,26.8171165,-80.0590804,0,False,,,,
northpanhandlenews.com,3.212.144.110,37.7757272,-122.4424773,0,False,,,,
northpanhandletimes.com,3.212.144.110,37.7757272,-122.4424773,0,False,,,,
northpimanews.com,3.219.182.20,32.3357746,-111.044923,0,False,,,,
northpinellasnews.com,3.212.144.110,28.1324509,-82.7579555,0,False,,,,
northraleightoday.com,3.212.144.110,35.8812082,-78.6258319,0,False,,,,
northramseynews.com,3.224.13.68,35.1101187,-78.8772252,0,False,,,,
northrichmondtoday.com,3.212.144.110,37.9588126,-122.3674713,0,False,,,,
northsanantonionews.com,3.213.234.4,29.4241219,-98.4936282,0,False,,,,
northshenandoahnews.com,3.212.144.110,30.1797428,-95.4483108,0,False,,,,
northshorelanews.com,3.213.234.4,30.217696,-89.8208977,0,False,,,,
northstlnews.com,3.224.13.68,38.6742828,-90.2619811,0,False,,,,
northsummitnews.com,3.218.216.245,40.9157641,-111.3944821,0,False,,,,
northtidewaternews.com,3.212.144.110,39.5239362,-86.3798605,0,False,,,,
northtrianglenews.com,3.212.144.110,41.1043576,-85.1362679,0,False,,,,
northtulsatoday.com,3.224.13.68,36.1539816,-95.992775,0,False,,,,
northtxnews.com,3.213.234.4,31.9685988,-99.9018131,0,False,,,,
northutahnews.com,3.219.182.20,39.0437192,-77.4874899,0,False,,,,
northvegastimes.com,3.219.182.20,36.1988592,-115.1175013,0,False,,,,
northwakenews.com,3.212.144.110,35.9630137,-78.5183635,0,False,,,,
northwichitanews.com,3.224.13.68,37.6871761,-97.330053,0,False,,,,
northwoodsreporter.com,3.218.216.245,43.852928,-83.962812,0,False,,,,
novitimes.com,3.218.216.245,42.48059,-83.4754913,0,False,,,,
nvbusinessdaily.com,34.234.42.207,39.0437192,-77.4874899,0,False,,,,
nwalabamanews.com,3.213.234.4,34.3094882,-87.697554,0,False,,,,
nwarkansasnews.com,3.213.234.4,36.0148605,-94.2333355,0,False,,,,
nwatlantanews.com,3.212.144.110,33.7863836,-84.453236,0,False,,,,
nwclarknews.com,3.219.182.20,39.0437192,-77.4874899,0,False,,,,
nwfranklinnews.com,3.218.216.245,40.9417229,-81.5415079,0,False,,,,
nwgeorgianews.com,3.212.144.110,32.1656221,-82.9000751,0,False,,,,
nwhoustonnews.com,3.213.234.4,29.8221298,-95.5722297,0,False,,,,
nwillinoisnews.com,35.170.88.147,40.6331249,-89.3985283,0,False,,,,
nwiowanews.com,3.224.13.68,41.8780025,-93.097702,0,False,,,,
nwkansasnews.com,3.224.13.68,39.0437192,-77.4874899,0,False,,,,
nwkentuckynews.com,3.213.234.4,39.0319664,-84.4645836,0,False,,,,
nwlouisiananews.com,3.213.234.4,30.9842977,-91.9623327,0,False,,,,
nwminnesotanews.com,3.224.13.68,46.729553,-94.6858998,0,False,,,,
nwmissnews.com,3.213.234.4,40.3519854,-94.8825243,0,False,,,,
nwmissouritimes.com,3.224.13.68,40.3519854,-94.8825243,0,False,,,,
nwmontananews.com,3.219.182.20,46.8796822,-110.3625658,0,False,,,,
nwnewmexiconews.com,3.219.182.20,34.5199402,-105.8700901,0,False,,,,
nwohiotimes.com,3.218.216.245,41.6917165,-84.7332884,0,False,,,,
nwoklahomanews.com,3.224.13.68,35.0077519,-97.092877,0,False,,,,
nwtennnews.com,3.213.234.4,36.4163811,-89.0531725,0,False,,,,
nwtwincities.com,3.224.13.68,39.0437192,-77.4874899,0,False,,,,
nwvalleytimes.com,3.219.182.20,39.0437192,-77.4874899,0,False,,,,
nwwaynenews.com,3.218.216.245,39.0437192,-77.4874899,0,False,,,,
nwwyomingnews.com,3.219.182.20,43.0759678,-107.2902839,0,False,,,,
nybusinessdaily.com,34.234.42.207,39.0437192,-77.4874899,0,False,,,,
ocalastandard.com,3.212.144.110,29.1871986,-82.1400923,0,False,,,,
ohbusinessdaily.com,34.234.42.207,39.0437192,-77.4874899,0,False,,,,
ohiovalleytimes.com,3.212.144.110,38.8686397,-84.7821027,0,False,,,,
okbusinessdaily.com,34.234.42.207,39.0437192,-77.4874899,0,False,,,,
okcstandard.com,3.224.13.68,35.4675602,-97.5164276,0,False,,,,
okeechobeetimes.com,3.212.144.110,27.2439349,-80.8297828,0,False,,,,
oldnorthnews.com,3.212.144.110,35.596564,-82.5530036,0,False,,,,
omaharecord.com,3.224.13.68,41.2565369,-95.9345034,0,False,,,,
onslownews.com,3.212.144.110,34.6540094,-77.4701972,0,False,,,,
orbusinessdaily.com,34.234.42.207,39.0437192,-77.4874899,0,False,,,,
orlandostandard.com,3.212.144.110,28.5383355,-81.3792365,0,False,,,,
outerbankstimes.com,3.212.144.110,35.5584932,-75.4665158,0,False,,,,
oxfordreporter.com,3.213.234.4,51.7548164,-1.2543668,0,False,,,,
ozaukeetimes.com,3.218.216.245,43.3819496,-87.6186379,0,False,,,,
palmcoasttimes.com,3.212.144.110,29.5844524,-81.2078699,0,False,,,,
palmettobusinessdaily.com,34.234.42.207,39.0437192,-77.4874899,0,False,,,,
palmettostatenews.com,3.212.144.110,34.8329741,-82.3118661,0,False,,,,
panamacityreporter.com,3.212.144.110,30.1588129,-85.6602058,0,False,,,,
panhandletimes.com,3.213.234.4,30.4212643,-87.2168913,0,False,,,,
pascoreporter.com,3.212.144.110,46.2305049,-119.0922316,0,False,,,,
peacegardennews.com,3.224.13.68,48.999259,-100.0595201,0,False,,,,
peachtreetimes.com,3.212.144.110,41.1795067,-112.0628938,0,False,,,,
peedeenews.com,3.212.144.110,34.205833,-79.539167,0,False,,,,
pelicanstatenews.com,3.213.234.4,30.4231225,-91.0527404,0,False,,,,
pennrecord.com,52.7.148.177,41.2033216,-77.1945247,0,False,,,,
pensacolatimes.com,3.212.144.110,30.421309,-87.2169149,0,False,,,,
peoriastandard.com,35.170.88.147,40.6936488,-89.5889864,0,False,,,,
petroplexnews.com,3.213.234.4,31.9642354,-102.0970478,0,False,,,,
phxreporter.com,3.219.182.20,33.4372686,-112.0077881,0,False,,,,
pinaltoday.com,3.219.182.20,32.8162061,-111.2845025,0,False,,,,
pinebelttimes.com,3.213.234.4,40.0841555,-74.1750957,0,False,,,,
pinehursttoday.com,3.212.144.110,35.1954345,-79.4694767,0,False,,,,
pinellastimes.com,3.212.144.110,27.876394,-82.7778579,0,False,,,,
plattenews.com,3.224.13.68,40.9812543,-98.1515804,0,False,,,,
pocatellotimes.com,3.219.182.20,42.8621042,-112.4506191,0,False,,,,
polktimes.com,3.212.144.110,27.8617347,-81.6911559,0,False,,,,
pontiactimes.com,3.218.216.245,42.6389216,-83.2910468,0,False,,,,
portagetimes.com,3.218.216.245,41.5758707,-87.1761455,0,False,,,,
prairiestatewire.com,35.170.88.147,41.5255653,-87.6386099,0,False,,,,
princewilliamreporter.com,3.212.144.110,38.7621882,-77.4519474,0,False,,,,
pulaskitimes.com,3.213.234.4,35.1998023,-87.0308412,0,False,,,,
quincyreporter.com,35.170.88.147,42.2528772,-71.0022705,0,False,,,,
racinesun.com,3.218.216.245,42.7261309,-87.7828523,0,False,,,,
randolphcountynews.com,3.212.144.110,35.7449531,-79.8296743,0,False,,,,
renoreporter.com,3.219.182.20,39.5296329,-119.8138027,0,False,,,,
ribusinessdaily.com,34.234.42.207,39.0437192,-77.4874899,0,False,,,,
richmondleader.com,3.212.144.110,37.5407246,-77.4360481,0,False,,,,
riverbendtimes.com,3.224.13.68,38.931858,-95.0940356,0,False,,,,
riverparishnews.com,3.213.234.4,30.0763781,-90.5705609,0,False,,,,
riverregiontimes.com,3.213.234.4,32.370541,-86.283722,0,False,,,,
roanokesun.com,3.212.144.110,35.8897427,-75.6615384,0,False,,,,
rockfordsun.com,35.170.88.147,42.2711311,-89.0939952,0,False,,,,
rockislandtoday.com,35.170.88.147,41.5094771,-90.5787476,0,False,,,,
rockymounttoday.com,3.212.144.110,35.9382103,-77.7905339,0,False,,,,
romereporter.com,3.212.144.110,41.9027835,12.4963655,0,False,,,,
rowannews.com,3.212.144.110,39.7089194,-75.1182734,0,False,,,,
rushmorestatenews.com,3.224.13.68,43.9695148,-99.9018131,0,False,,,,
rutherfordtimes.com,3.213.234.4,40.826489,-74.1068091,0,False,,,,
sacorridornews.com,3.213.234.4,39.0437192,-77.4874899,0,False,,,,
sanantoniostandard.com,3.213.234.4,29.4241219,-98.4936282,0,False,,,,
sandhillstoday.com,3.224.13.68,34.1294464,-80.8786538,0,False,,,,
sandovalnews.com,3.219.182.20,38.6156043,-89.1142343,0,False,,,,
sangamonsun.com,35.170.88.147,39.7337353,-89.6251646,0,False,,,,
santafestandard.com,3.219.182.20,29.6773379,-82.4313148,0,False,,,,
sarasotareview.com,3.212.144.110,27.3364347,-82.5306527,0,False,,,,
savannahstandard.com,3.212.144.110,32.0808989,-81.091203,0,False,,,,
sckansasnews.com,3.224.13.68,37.2494951,-96.9759724,0,False,,,,
scmidlandnews.com,3.212.144.110,39.0437192,-77.4874899,0,False,,,,
scminnesotanews.com,3.224.13.68,46.729553,-94.6858998,0,False,,,,
scmissnews.com,3.213.234.4,35.098915,-80.885218,0,False,,,,
scmissourinews.com,3.224.13.68,40.0780198,-93.6185224,0,False,,,,
scnebraskanews.com,3.224.13.68,40.886728,-96.622094,0,False,,,,
scoklahomanews.com,3.224.13.68,36.1513407,-95.9864865,0,False,,,,
sctennnews.com,3.213.234.4,39.0437192,-77.4874899,0,False,,,,
sctexasnews.com,3.213.234.4,30.7158857,-97.7175626,0,False,,,,
scvanews.com,3.212.144.110,33.809816,-117.9050978,0,False,,,,
scwisconsinnews.com,3.218.216.245,43.7844397,-88.7878678,0,False,,,,
sdbusinessdaily.com,34.234.42.207,39.0437192,-77.4874899,0,False,,,,
searizonanews.com,3.219.182.20,39.0437192,-77.4874899,0,False,,,,
seatlantanews.com,3.212.144.110,39.0437192,-77.4874899,0,False,,,,
sebluegrassnews.com,3.213.234.4,41.6030056,-93.845103,0,False,,,,
secoloradonews.com,3.219.182.20,39.0437192,-77.4874899,0,False,,,,
sedallasnews.com,3.213.234.4,39.0437192,-77.4874899,0,False,,,,
sedenvernews.com,3.219.182.20,39.0437192,-77.4874899,0,False,,,,
segeorgianews.com,3.212.144.110,41.6868723,44.769202,0,False,,,,
segrandrapids.com,3.218.216.245,39.0437192,-77.4874899,0,False,,,,
sehoustonnews.com,3.213.234.4,29.6588431,-95.3311652,0,False,,,,
seillinoisnews.com,35.170.88.147,56.3,-5.6499999,0,False,,,,
seindiananews.com,3.218.216.245,39.022532,-95.6607831,0,False,,,,
seiowanews.com,3.224.13.68,41.8780025,-93.097702,0,False,,,,
sekansascitynews.com,3.224.13.68,39.0437192,-77.4874899,0,False,,,,
sekansasnews.com,3.224.13.68,37.6807344,-95.4535784,0,False,,,,
sekentuckynews.com,3.213.234.4,39.020758,-95.662156,0,False,,,,
seminnesotanews.com,3.224.13.68,46.729553,-94.6858998,0,False,,,,
semissourinews.com,3.224.13.68,37.3148783,-89.5280438,0,False,,,,
semontananews.com,3.219.182.20,39.0437192,-77.4874899,0,False,,,,
senebraskanews.com,3.224.13.68,40.3816297,-95.8350987,0,False,,,,
senorthcarolinanews.com,3.212.144.110,39.0437192,-77.4874899,0,False,,,,
seoaklandnews.com,3.218.216.245,45.4059452,-122.6096226,0,False,,,,
seohiotimes.com,3.218.216.245,39.0437192,-77.4874899,0,False,,,,
seoklahomanews.com,3.224.13.68,34.0056034,-96.3781707,0,False,,,,
sesdnews.com,3.224.13.68,40.0542197,-111.7256911,0,False,,,,
setennnews.com,3.213.234.4,39.0437192,-77.4874899,0,False,,,,
setexasrecord.com,52.7.148.177,30.063191,-94.134436,0,False,,,,
setexastimes.com,3.213.234.4,30.063191,-94.134436,0,False,,,,
setwincities.com,3.224.13.68,44.9374831,-93.2009998,0,False,,,,
sevalleytimes.com,3.219.182.20,39.0437192,-77.4874899,0,False,,,,
sevegasnews.com,3.219.182.20,39.0437192,-77.4874899,0,False,,,,
sewyomingnews.com,3.219.182.20,43.0759678,-107.2902839,0,False,,,,
shelbyreporter.com,3.213.234.4,35.2923513,-81.5356463,0,False,,,,
shelbyreview.com,3.218.216.245,35.2923513,-81.5356463,0,False,,,,
shenandoahvalleynews.com,3.212.144.110,38.4834568,-78.8497485,0,False,,,,
shiawasseetimes.com,3.218.216.245,42.949754,-84.1857115,0,False,,,,
shoalstoday.com,3.213.234.4,32.7839979,-96.785897,0,False,,,,
showmestatetimes.com,3.224.13.68,37.9642529,-91.8318334,0,False,,,,
shreveportreporter.com,3.213.234.4,32.5251516,-93.7501789,0,False,,,,
silnews.com,35.170.88.147,40.7545305,-73.9907115,0,False,,,,
silverstatetimes.com,3.219.182.20,38.8026097,-116.419389,0,False,,,,
siouxcitytimes.com,3.224.13.68,42.4963416,-96.4049408,0,False,,,,
siouxempiretoday.com,3.224.13.68,43.4998382,-96.7791089,0,False,,,,
slctimes.com,3.219.182.20,40.7607793,-111.8910474,0,False,,,,
smokymountaintoday.com,3.213.234.4,35.6531943,-83.5070203,0,False,,,,
socalrecord.com,52.7.148.177,34.9592083,-116.419389,0,False,,,,
soonerstatenews.com,3.224.13.68,35.0077519,-97.092877,0,False,,,,
southabqnews.com,3.219.182.20,39.0437192,-77.4874899,0,False,,,,
southalabamatimes.com,3.213.234.4,30.6959406,-88.184236,0,False,,,,
southashevillenews.com,3.212.144.110,35.5950581,-82.5514869,0,False,,,,
southatlantanews.com,3.212.144.110,33.7123595,-84.3844304,0,False,,,,
southbendtimes.com,3.218.216.245,41.6763545,-86.2519898,0,False,,,,
southbirminghamtimes.com,3.213.234.4,33.5185892,-86.8103567,0,False,,,,
southbrazorianews.com,3.213.234.4,29.0444147,-95.5691126,0,False,,,,
southbrowardnews.com,3.212.144.110,26.0284499,-80.1421623,0,False,,,,
southcentralreporter.com,35.170.88.147,44.1741375,-94.0467865,0,False,,,,
southcharlottetoday.com,3.212.144.110,35.2270869,-80.8431267,0,False,,,,
southcharolettenews.com,domain did not resolve,35.2270869,-80.8431267,0,False,,,,
southcolumbusnews.com,3.218.216.245,34.1729951,-78.8148341,0,False,,,,
southcooknews.com,35.170.88.147,41.5208804,-87.6535273,0,False,,,,
southcumberlandnews.com,3.213.234.4,35.257525,-85.7888721,0,False,,,,
southcuyahoganews.com,3.218.216.245,41.2810016,-81.7463383,0,False,,,,
southdfwnews.com,3.213.234.4,32.8234387,-97.0571668,0,False,,,,
southdsmnews.com,3.224.13.68,-33.961905,151.135023,0,False,,,,
southernindianatoday.com,3.218.216.245,37.9772035,-87.5442525,0,False,,,,
southernwvnews.com,3.212.144.110,37.8510939,-82.0237783,0,False,,,,
southfairfaxnews.com,3.212.144.110,38.9085472,-77.2405153,0,False,,,,
southfranklinnews.com,3.218.216.245,40.0945408,-80.2878794,0,False,,,,
southfultontoday.com,3.212.144.110,33.6576286,-84.6269824,0,False,,,,
southgalvestonnews.com,3.213.234.4,29.3013479,-94.7976958,0,False,,,,
southgeorgiatimes.com,3.212.144.110,-54.4138333,-36.5827165,0,False,,,,
southguilfordnews.com,3.212.144.110,-31.9101748,115.9668664,0,False,,,,
southgwinnettnews.com,3.212.144.110,33.8543367,-84.0069031,0,False,,,,
southhennepinnews.com,3.224.13.68,45.0208911,-93.5094574,0,False,,,,
southindynews.com,3.218.216.245,39.7292985,-86.1387589,0,False,,,,
southiowanews.com,3.224.13.68,41.2770327,-93.8451731,0,False,,,,
southjeffconews.com,3.219.182.20,39.5925922,-105.0699891,0,False,,,,
southkcnews.com,3.224.13.68,38.9523825,-94.507934,0,False,,,,
southkentnews.com,3.218.216.245,42.8003912,-85.5077038,0,False,,,,
southknoxnews.com,3.213.234.4,38.6354339,-87.422056,0,False,,,,
southlaketoday.com,3.212.144.110,32.9412363,-97.1341783,0,False,,,,
southlouisiananews.com,3.213.234.4,30.0758846,-90.5015885,0,False,,,,
southmecklenburgnews.com,3.212.144.110,35.1101132,-80.8609489,0,False,,,,
southmianews.com,3.212.144.110,39.0437192,-77.4874899,0,False,,,,
southmichigannews.com,3.218.216.245,44.3148443,-85.6023643,0,False,,,,
southncnews.com,3.212.144.110,35.2340065,-80.8428388,0,False,,,,
southnewcastlenews.com,3.212.144.110,40.977839,-80.3450645,0,False,,,,
southohionews.com,3.218.216.245,43.920316,-66.064922,0,False,,,,
southokcnews.com,3.224.13.68,35.3487921,-97.5475938,0,False,,,,
southomahatimes.com,3.224.13.68,41.2125017,-95.9765238,0,False,,,,
southorlandonews.com,3.212.144.110,28.4888126,-81.4398295,0,False,,,,
southpalmbeachtoday.com,3.212.144.110,26.588958,-80.0386522,0,False,,,,
southpimanews.com,3.219.182.20,33.3933408,-111.8296428,0,False,,,,
southpinellastimes.com,3.212.144.110,27.876394,-82.7778579,0,False,,,,
southraleighnews.com,3.212.144.110,35.7795897,-78.6381787,0,False,,,,
southsanantonionews.com,3.213.234.4,29.3631755,-98.5611142,0,False,,,,
southsidevanews.com,3.212.144.110,36.9818446,-76.6314756,0,False,,,,
southstlnews.com,3.224.13.68,39.0437192,-77.4874899,0,False,,,,
southsummitnews.com,3.218.216.245,40.6366783,-111.274616,0,False,,,,
southtidewaternews.com,3.212.144.110,33.8545559,-78.6265706,0,False,,,,
southtrianglenews.com,3.212.144.110,14.6375615,121.0359796,0,False,,,,
southtulsatoday.com,3.224.13.68,36.1539816,-95.992775,0,False,,,,
southutahnews.com,3.219.182.20,39.3209801,-111.0937311,0,False,,,,
southwichitanews.com,3.224.13.68,37.6551594,-97.3406732,0,False,,,,
southwinstonsalemnews.com,3.212.144.110,36.0998596,-80.244216,0,False,,,,
sowisconsintimes.com,3.218.216.245,43.7844397,-88.7878678,0,False,,,,
spartanburgreporter.com,3.212.144.110,34.9495672,-81.9320482,0,False,,,,
springfieldstandard.com,3.224.13.68,37.2089572,-93.2922989,0,False,,,,
springstimes.com,3.219.182.20,29.8343084,-82.7024274,0,False,,,,
stcharlestimes.com,3.224.13.68,41.9141945,-88.3086867,0,False,,,,
stclairtoday.com,3.218.216.245,43.016179,-82.6483442,0,False,,,,
stcloudsun.com,3.224.13.68,45.5579451,-94.1632404,0,False,,,,
stjoebentonharbor.com,3.218.216.245,42.0938577,-86.4895463,0,False,,,,
stlouisreporter.com,3.224.13.68,38.6270025,-90.1994042,0,False,,,,
stlrecord.com,52.7.148.177,38.6270025,-90.1994042,0,False,,,,
stlwestnews.com,3.224.13.68,38.5943733,-90.5365906,0,False,,,,
stpaulreporter.com,3.224.13.68,44.9537029,-93.0899578,0,False,,,,
stpetestandard.com,3.212.144.110,27.7676008,-82.6402915,0,False,,,,
sturgiscoldwaternews.com,3.218.216.245,41.799217,-85.4191482,0,False,,,,
sumtertimes.com,3.212.144.110,33.9204354,-80.3414693,0,False,,,,
sunflowerstatenews.com,3.224.13.68,39.0437192,-77.4874899,0,False,,,,
sunshinesentinel.com,3.212.144.110,39.0437192,-77.4874899,0,False,,,,
sussexreview.com,3.212.144.110,43.1338972,-88.2220372,0,False,,,,
swarizonanews.com,3.219.182.20,39.0437192,-77.4874899,0,False,,,,
swarkansastimes.com,3.213.234.4,36.0148605,-94.2333355,0,False,,,,
swbluegrassnews.com,3.213.234.4,41.6936951,-93.6251416,0,False,,,,
swcoloradonews.com,3.219.182.20,39.6619154,-105.0351113,0,False,,,,
swdallasnews.com,3.213.234.4,32.7766642,-96.7969879,0,False,,,,
swgeorgianews.com,3.212.144.110,31.3254159,-84.4382721,0,False,,,,
swhoustonnews.com,3.213.234.4,29.6537418,-95.4568133,0,False,,,,
swillinoisnews.com,35.170.88.147,45.4786522,-122.7231733,0,False,,,,
swindiananews.com,3.218.216.245,39.0437192,-77.4874899,0,False,,,,
swiowatimes.com,3.224.13.68,39.0437192,-77.4874899,0,False,,,,
swkansasnews.com,3.224.13.68,39.011902,-98.4842465,0,False,,,,
swlouisiananews.com,3.213.234.4,30.9842977,-91.9623327,0,False,,,,
swminnesotatoday.com,3.224.13.68,46.729553,-94.6858998,0,False,,,,
swmissnews.com,3.213.234.4,46.818188,8.227512,0,False,,,,
swmissourinews.com,3.224.13.68,37.9642529,-91.8318334,0,False,,,,
swmontanatimes.com,3.219.182.20,46.8796822,-110.3625658,0,False,,,,
swnewmexiconews.com,3.219.182.20,33.130446,-107.254618,0,False,,,,
swoklahomanews.com,3.224.13.68,35.0077519,-97.092877,0,False,,,,
swtennnews.com,3.213.234.4,39.0437192,-77.4874899,0,False,,,,
swvalleytimes.com,3.219.182.20,45.4750236,-122.8148018,0,False,,,,
swvegasnews.com,3.219.182.20,36.1699412,-115.1398296,0,False,,,,
swvirginianews.com,3.212.144.110,37.4315734,-78.6568942,0,False,,,,
swwisconsinnews.com,3.218.216.245,43.7844397,-88.7878678,0,False,,,,
swwyomingnews.com,3.219.182.20,43.0759678,-107.2902839,0,False,,,,
tallahasseesun.com,3.212.144.110,30.4382559,-84.2807329,0,False,,,,
tamparepublic.com,3.212.144.110,39.0437192,-77.4874899,0,False,,,,
theregionnews.com,3.218.216.245,41.9429811,-87.6806932,0,False,,,,
thesconi.com,3.218.216.245,39.0437192,-77.4874899,0,False,,,,
thumbreporter.com,3.218.216.245,33.6391136,-111.8791945,0,False,,,,
tnbusinessdaily.com,34.234.42.207,39.0437192,-77.4874899,0,False,,,,
toledoreporter.com,3.218.216.245,41.6528052,-83.5378674,0,False,,,,
topekasun.com,3.224.13.68,39.0473451,-95.6751576,0,False,,,,
treasurecoastsun.com,3.212.144.110,27.241604,-80.2748125,0,False,,,,
treasurevalleytimes.com,3.219.182.20,34.508896,-97.172188,0,False,,,,
tricitysun.com,3.218.216.245,33.4113567,-111.6858362,0,False,,,,
triconews.com,3.218.216.245,45.8006438,-88.0775567,0,False,,,,
trumballnews.com,3.218.216.245,41.2428563,-73.2006639,0,False,,,,
tucsonstandard.com,3.219.182.20,32.2226066,-110.9747108,0,False,,,,
tulsastandard.com,3.224.13.68,36.1539816,-95.992775,0,False,,,,
tuscaloosaleader.com,3.213.234.4,33.2098407,-87.5691735,0,False,,,,
tuscarawasnews.com,3.218.216.245,40.3978972,-81.4278984,0,False,,,,
txbusinessdaily.com,34.234.42.207,39.0437192,-77.4874899,0,False,,,,
tylerreporter.com,3.213.234.4,32.3512601,-95.3010624,0,False,,,,
upgazette.com,3.218.216.245,37.09024,-95.712891,0,False,,,,
uppercumberlandtimes.com,3.213.234.4,36.1736109,-85.555018,0,False,,,,
upperdeltanews.com,3.213.234.4,31.1300085,-87.8484821,0,False,,,,
uppereasttx.com,3.213.234.4,31.9685988,-99.9018131,0,False,,,,
upperwestscnews.com,3.212.144.110,39.0437192,-77.4874899,0,False,,,,
upstatescnews.com,3.212.144.110,34.8332582,-82.2975348,0,False,,,,
utahvalleytimes.com,3.219.182.20,40.2787626,-111.7153739,0,False,,,,
utbusinessdaily.com,34.234.42.207,39.0437192,-77.4874899,0,False,,,,
vabusinessdaily.com,34.234.42.207,39.0437192,-77.4874899,0,False,,,,
vacationlandtimes.com,3.218.216.245,41.4267255,-82.6614331,0,False,,,,
volunteerstatenews.com,3.213.234.4,35.5174913,-86.5804473,0,False,,,,
vtbusinessdaily.com,34.234.42.207,39.0437192,-77.4874899,0,False,,,,
wabusinessdaily.com,34.234.42.207,39.0437192,-77.4874899,0,False,,,,
wacoreporter.com,3.213.234.4,31.549333,-97.1466695,0,False,,,,
warnerrobinstoday.com,3.212.144.110,32.6130007,-83.624201,0,False,,,,
warrenclintonnews.com,3.218.216.245,35.5844956,-92.4460492,0,False,,,,
warrensun.com,3.218.216.245,35.9913167,-95.8098751,0,False,,,,
washingtoncotimes.com,3.218.216.245,45.5469616,-123.1386021,0,False,,,,
washoenews.com,3.219.182.20,40.5608387,-119.6035495,0,False,,,,
wastachnews.com,3.219.182.20,41.2816391,-111.5116469,0,False,,,,
waterfordtoday.com,3.218.216.245,52.2593197,-7.1100702,0,False,,,,
waterlootimes.com,3.224.13.68,50.71469,4.3991,0,False,,,,
waukeshatimes.com,3.218.216.245,43.0116784,-88.2314813,0,False,,,,
waynecountytoday.com,3.218.216.245,42.2790746,-83.336188,0,False,,,,
wcalabamanews.com,3.213.234.4,34.236323,-85.5335532,0,False,,,,
wcgeorgianews.com,3.212.144.110,33.7619391,-84.3879762,0,False,,,,
wcindiananews.com,3.218.216.245,39.767889,-86.1658773,0,False,,,,
wciowanews.com,3.224.13.68,42.9979484,-96.0582598,0,False,,,,
wcmichigannews.com,3.218.216.245,43.433226,-83.9360146,0,False,,,,
wcminnesotanews.com,3.224.13.68,46.729553,-94.6858998,0,False,,,,
wcmissnews.com,3.213.234.4,39.0437192,-77.4874899,0,False,,,,
wcmissourinews.com,3.224.13.68,39.0437192,-77.4874899,0,False,,,,
wcnewmexiconews.com,3.219.182.20,34.5199402,-105.8700901,0,False,,,,
wctexasnews.com,3.213.234.4,41.3068396,-72.9218006,0,False,,,,
wcwisconsinnews.com,3.218.216.245,43.055827,-88.234843,0,False,,,,
webertimes.com,3.219.182.20,36.1071562,-95.9754796,0,False,,,,
westarapahoenews.com,3.219.182.20,39.62031,-104.332644,0,False,,,,
westatlantanews.com,3.212.144.110,33.7383798,-84.4233849,0,False,,,,
westbanklanews.com,3.213.234.4,29.8943052,-90.1088684,0,False,,,,
westcentralreporter.com,35.170.88.147,31.420656,-100.467986,0,False,,,,
westclevelandnews.com,3.218.216.245,35.142347,-84.8993132,0,False,,,,
westcooknews.com,35.170.88.147,41.8834128,-87.8026049,0,False,,,,
westdfwnews.com,3.213.234.4,32.8369099,-97.0890715,0,False,,,,
westdsmnews.com,3.224.13.68,39.0437192,-77.4874899,0,False,,,,
westernndnews.com,3.224.13.68,46.8303292,-100.768817,0,False,,,,
westernsdnews.com,3.224.13.68,49.1927902,-98.0947215,0,False,,,,
westernwaynetoday.com,3.218.216.245,41.4918202,-75.3985292,0,False,,,,
westflnews.com,3.212.144.110,39.0437192,-77.4874899,0,False,,,,
westhamiltonnews.com,3.218.216.245,40.1983744,-74.7227333,0,False,,,,
westhillsboroughnews.com,3.212.144.110,37.550014,-122.367407,0,False,,,,
westhoustonnews.com,3.213.234.4,29.7604267,-95.3698028,0,False,,,,
westindynews.com,3.218.216.245,39.835105,-86.229793,0,False,,,,
westlakenormannews.com,3.212.144.110,39.0437192,-77.4874899,0,False,,,,
westlucasnews.com,3.218.216.245,34.2242832,-79.7926652,0,False,,,,
westnovanews.com,3.212.144.110,39.0437192,-77.4874899,0,False,,,,
westpennyroyalnews.com,3.213.234.4,41.5877492,-88.0112137,0,False,,,,
westrgvnews.com,3.213.234.4,39.0437192,-77.4874899,0,False,,,,
westslcnews.com,3.219.182.20,40.7742989,-111.9004459,0,False,,,,
weststarknews.com,3.218.216.245,40.7983958,-81.5231057,0,False,,,,
weststlnews.com,3.224.13.68,38.6604955,-90.2878326,0,False,,,,
westtwincities.com,3.224.13.68,44.9374831,-93.2009998,0,False,,,,
westtxnews.com,3.213.234.4,31.8023057,-97.0909551,0,False,,,,
westvolusianews.com,3.212.144.110,29.0279135,-81.3041697,0,False,,,,
westwakenews.com,3.212.144.110,39.0437192,-77.4874899,0,False,,,,
whitewatertimes.com,3.218.216.245,42.8336205,-88.7323272,0,False,,,,
wibusinessdaily.com,34.234.42.207,39.0437192,-77.4874899,0,False,,,,
wichitastandard.com,3.224.13.68,37.6871761,-97.330053,0,False,,,,
willcountygazette.com,35.170.88.147,41.5054724,-88.0900762,0,False,,,,
williamsburgsun.com,3.212.144.110,37.2707022,-76.7074571,0,False,,,,
williamsonnews.com,3.213.234.4,30.7591685,-97.6982272,0,False,,,,
winstonsalemtimes.com,3.212.144.110,36.0998596,-80.244216,0,False,,,,
wintergardentoday.com,3.213.234.4,28.5652787,-81.5861847,0,False,,,,
wiregrasstimes.com,3.213.234.4,38.943072,-94.358597,0,False,,,,
wvbusinessdaily.com,34.234.42.207,40.7555245,-73.980845,0,False,,,,
wvheartlandnews.com,3.212.144.110,37.9502277,-95.3783108,0,False,,,,
wvrecord.com,52.7.148.177,38.5976262,-80.4549026,0,False,,,,
wyandottetimes.com,3.224.13.68,42.2142064,-83.1499239,0,False,,,,
wybusinessdaily.com,34.234.42.207,39.0437192,-77.4874899,0,False,,,,
yadkinvalleynews.com,3.212.144.110,36.2023597,-80.6770787,0,False,,,,
yavapainews.com,3.219.182.20,34.6463981,-112.4291464,0,False,,,,
yellowhammertimes.com,3.213.234.4,34.7217469,-86.6054124,0,False,,,,
yellowstonetimes.com,3.219.182.20,44.427963,-110.588455,0,False,,,,
youngstowntimes.com,3.218.216.245,41.0997803,-80.6495194,0,False,,,,
