url,facebookUrl,twitterUsername
https://dailyvoice.com/connecticut/brookfield,https://www.facebook.com/DVNorthernFairfieldCounty/,DVFairfield_N
https://dailyvoice.com/connecticut/danbury,https://www.facebook.com/DVNorthernFairfieldCounty/,DVFairfield_N
https://dailyvoice.com/connecticut/darien,https://www.facebook.com/DVGoldCoast/,DVGoldCoast
https://dailyvoice.com/connecticut/fairfield,https://www.facebook.com/DVGreaterBridgeportArea/,DVBridgeport
https://dailyvoice.com/connecticut/greenwich,https://www.facebook.com/DVGoldCoast/,DVGoldCoast
https://dailyvoice.com/connecticut/newcanaan,https://www.facebook.com/DVGoldCoast/,DVGoldCoast
https://dailyvoice.com/connecticut/newtown,https://www.facebook.com/DVNorthernFairfieldCounty/,DVFairfield_N
https://dailyvoice.com/connecticut/norwalk,https://www.facebook.com/DVGoldCoast/,DVGoldCoast
https://dailyvoice.com/connecticut/ridgefield,https://www.facebook.com/DVNorthernFairfieldCounty/,DVFairfield_N
https://dailyvoice.com/connecticut/shelton,https://www.facebook.com/DVGreaterBridgeportArea/,DVBridgeport
https://dailyvoice.com/connecticut/stamford,https://www.facebook.com/DVGoldCoast/,DVGoldCoast
https://dailyvoice.com/connecticut/stratford,https://www.facebook.com/DVGreaterBridgeportArea/,DVBridgeport
https://dailyvoice.com/connecticut/trumbull,https://www.facebook.com/DVGreaterBridgeportArea/,DVBridgeport
https://dailyvoice.com/connecticut/westport,https://www.facebook.com/DVGoldCoast/,DVGoldCoast
https://dailyvoice.com/connecticut/wilton,https://www.facebook.com/DVNorthernFairfieldCounty/,DVFairfield_N
https://dailyvoice.com/connecticut/litchfield,https://www.facebook.com/Daily-Voice-Litchfield-County-103098937996010/,
https://dailyvoice.com/new-jersey/atlantic,https://www.facebook.com/Daily-Voice-Atlantic-County-106223091012145/,
https://dailyvoice.com/new-jersey/bergenfield,https://www.facebook.com/DailyVoiceBergenCounty,DVBergen
https://dailyvoice.com/new-jersey/cliffsidepark,https://www.facebook.com/DailyVoiceBergenCounty,DVBergen
https://dailyvoice.com/new-jersey/cresskill,https://www.facebook.com/DailyVoiceBergenCounty,DVBergen
https://dailyvoice.com/new-jersey/englewood,https://www.facebook.com/DailyVoiceBergenCounty,DVBergen
https://dailyvoice.com/new-jersey/fairlawn,https://www.facebook.com/DailyVoiceBergenCounty,DVBergen
https://dailyvoice.com/new-jersey/fortlee,https://www.facebook.com/DailyVoiceBergenCounty,DVBergen
https://dailyvoice.com/new-jersey/garfield,https://www.facebook.com/DailyVoiceBergenCounty,DVBergen
https://dailyvoice.com/new-jersey/hackensack,https://www.facebook.com/DailyVoiceBergenCounty,DVBergen
https://dailyvoice.com/new-jersey/lyndhurst,https://www.facebook.com/DailyVoiceBergenCounty,DVBergen
https://dailyvoice.com/new-jersey/mahwah,https://www.facebook.com/DailyVoiceBergenCounty,DVBergen
https://dailyvoice.com/new-jersey/northernhighlands,https://www.facebook.com/DailyVoiceBergenCounty,DVBergen
https://dailyvoice.com/new-jersey/northernvalley,https://www.facebook.com/DailyVoiceBergenCounty,DVBergen
https://dailyvoice.com/new-jersey/paramus,https://www.facebook.com/DailyVoiceBergenCounty,DVBergen
https://dailyvoice.com/new-jersey/pascackvalley,https://www.facebook.com/DailyVoiceBergenCounty,DVBergen
https://dailyvoice.com/new-jersey/ridgefieldpark,https://www.facebook.com/DailyVoiceBergenCounty,DVBergen
https://dailyvoice.com/new-jersey/ridgewood,https://www.facebook.com/DailyVoiceBergenCounty,DVBergen
https://dailyvoice.com/new-jersey/rutherford,https://www.facebook.com/DailyVoiceBergenCounty,DVBergen
https://dailyvoice.com/new-jersey/saddlebrook,https://www.facebook.com/DailyVoiceBergenCounty,DVBergen
https://dailyvoice.com/new-jersey/teaneck,https://www.facebook.com/DailyVoiceBergenCounty,DVBergen
https://dailyvoice.com/new-jersey/wyckoff,https://www.facebook.com/DailyVoiceBergenCounty,DVBergen
https://dailyvoice.com/new-jersey/burlington,https://www.facebook.com/Daily-Voice-Burlington-County-108620360768905/,
https://dailyvoice.com/new-jersey/essex,https://www.facebook.com/Daily-Voice-Essex-County-417318985738947/,essex_voice
https://dailyvoice.com/new-jersey/hudson,https://www.facebook.com/Daily-Voice-Hudson-County-823411144677736/,hudson_voice
https://dailyvoice.com/new-jersey/mercer,https://www.facebook.com/Daily-Voice-Mercer-County-100281371616513/,
https://dailyvoice.com/new-jersey/middlesex,https://www.facebook.com/Daily-Voice-Middlesex-County-108173074085564/,
https://dailyvoice.com/new-jersey/monmouth,https://www.facebook.com/Daily-Voice-Monmouth-County-106474774258540/,
https://dailyvoice.com/new-jersey/morris,https://www.facebook.com/DailyVoiceMorrisCounty/,morris_voice
https://dailyvoice.com/new-jersey/ocean,https://www.facebook.com/Daily-Voice-Ocean-County-105749394332361/,
https://dailyvoice.com/new-jersey/northpassaic,https://www.facebook.com/DailyVoicePassaicCounty,DVPassaic
https://dailyvoice.com/new-jersey/southpassaic,https://www.facebook.com/DailyVoicePassaicCounty,DVPassaic
https://dailyvoice.com/new-jersey/somerset,https://www.facebook.com/Daily-Voice-Somerset-County-100739088084919/,dv_somerset
https://dailyvoice.com/new-jersey/sussex,https://www.facebook.com/DailyVoiceMorrisCounty/,morris_voice
https://dailyvoice.com/new-jersey/union,https://www.facebook.com/Daily-Voice-Union-County-232547684258825/,DVUnion
https://dailyvoice.com/new-jersey/warren-hunterdon,https://www.facebook.com/dvwarrenhunterdon/,WarrenHunterdon
https://dailyvoice.com/new-york/eastdutchess,https://www.facebook.com/DailyVoiceDutchessCounty/,DVDutchess
https://dailyvoice.com/new-york/northwestdutchess,https://www.facebook.com/DailyVoiceDutchessCounty/,DVDutchess
https://dailyvoice.com/new-york/southwestdutchess,https://www.facebook.com/DailyVoiceDutchessCounty/,DVDutchess
https://dailyvoice.com/new-york/nassau,,DailyNassau
https://dailyvoice.com/new-york/northorange,https://www.facebook.com/DailyVoiceOrangeCounty/,DVOrangeCounty
https://dailyvoice.com/new-york/southorange,https://www.facebook.com/DailyVoiceOrangeCounty/,DVOrangeCounty
https://dailyvoice.com/new-york/westorange,https://www.facebook.com/DailyVoiceOrangeCounty/,DVOrangeCounty
https://dailyvoice.com/new-york/putnam,https://www.facebook.com/DailyVoicePutnamCounty/,PutnamDV
https://dailyvoice.com/new-york/clarkstown,https://www.facebook.com/Daily-Voice-Rockland-County-100988716932747/,DVRockland
https://dailyvoice.com/new-york/northrockland,https://www.facebook.com/Daily-Voice-Rockland-County-100988716932747/,DVRockland
https://dailyvoice.com/new-york/orangetown,https://www.facebook.com/Daily-Voice-Rockland-County-100988716932747/,DVRockland
https://dailyvoice.com/new-york/ramapo,https://www.facebook.com/Daily-Voice-Rockland-County-100988716932747/,DVRockland
https://dailyvoice.com/new-york/suffolk,,SuffolkDaily
https://dailyvoice.com/new-york/ulster-sullivan,https://www.facebook.com/DailyVoiceUlsterSullivan/,UlsterSullivan
https://dailyvoice.com/new-york/armonk,https://www.facebook.com/DVNorthernWestchester/,DVWestchester_N
https://dailyvoice.com/new-york/bedford,https://www.facebook.com/DVNorthernWestchester/,DVWestchester_N
https://dailyvoice.com/new-york/briarcliff,https://www.facebook.com/DVNorthernWestchester/,DVWestchester_N
https://dailyvoice.com/new-york/bronxville,https://www.facebook.com/DVSouthernWestchester/,DVWestchester_S
https://dailyvoice.com/new-york/chappaqua,https://www.facebook.com/DVNorthernWestchester/,DVWestchester_N
https://dailyvoice.com/new-york/cortlandt,https://www.facebook.com/DVNorthernWestchester/,DVWestchester_N
https://dailyvoice.com/new-york/eastchester,https://www.facebook.com/DVSouthernWestchester/,DVWestchester_S
https://dailyvoice.com/new-york/greenburgh,https://www.facebook.com/DVSouthernWestchester/,DVWestchester_S
https://dailyvoice.com/new-york/harrison,https://www.facebook.com/DVSouthernWestchester/,DVWestchester_S
https://dailyvoice.com/new-york/lewisboro,https://www.facebook.com/DVNorthernWestchester/,DVWestchester_N
https://dailyvoice.com/new-york/mamaroneck,https://www.facebook.com/DVSouthernWestchester/,DVWestchester_S
https://dailyvoice.com/new-york/mountpleasant,https://www.facebook.com/DVNorthernWestchester/,DVWestchester_N
https://dailyvoice.com/new-york/mountvernon,https://www.facebook.com/DVSouthernWestchester/,DVWestchester_S
https://dailyvoice.com/new-york/mtkisco,https://www.facebook.com/DVNorthernWestchester/,DVWestchester_N
https://dailyvoice.com/new-york/newrochelle,https://www.facebook.com/DVSouthernWestchester/,DVWestchester_S
https://dailyvoice.com/new-york/northsalem,https://www.facebook.com/DVNorthernWestchester/,DVWestchester_N
https://dailyvoice.com/new-york/ossining,https://www.facebook.com/DVNorthernWestchester/,DVWestchester_N
https://dailyvoice.com/new-york/peekskill,https://www.facebook.com/DVNorthernWestchester/,DVWestchester_N
https://dailyvoice.com/new-york/pelham,https://www.facebook.com/DVSouthernWestchester/,DVWestchester_S
https://dailyvoice.com/new-york/pleasantville,https://www.facebook.com/DVNorthernWestchester/,DVWestchester_N
https://dailyvoice.com/new-york/portchester,https://www.facebook.com/DVSouthernWestchester/,DVWestchester_S
https://dailyvoice.com/new-york/poundridge,https://www.facebook.com/DVNorthernWestchester/,DVWestchester_N
https://dailyvoice.com/new-york/rivertowns,https://www.facebook.com/DVSouthernWestchester/,DVWestchester_S
https://dailyvoice.com/new-york/rye,https://www.facebook.com/DVSouthernWestchester/,DVWestchester_S
https://dailyvoice.com/new-york/scarsdale,https://www.facebook.com/DVSouthernWestchester/,DVWestchester_S
https://dailyvoice.com/new-york/somers,https://www.facebook.com/DVNorthernWestchester/,DVWestchester_N
https://dailyvoice.com/new-york/tarrytown,https://www.facebook.com/DVSouthernWestchester/,DVWestchester_S
https://dailyvoice.com/new-york/whiteplains,https://www.facebook.com/DVSouthernWestchester/,DVWestchester_S
https://dailyvoice.com/new-york/yonkers,https://www.facebook.com/DVSouthernWestchester/,DVWestchester_S
https://dailyvoice.com/new-york/yorktown,https://www.facebook.com/DVNorthernWestchester/,DVWestchester_N
