"userid","user_display_name","user_screen_name","user_reported_location","user_profile_description","user_profile_url","follower_count","following_count","account_creation_date","account_language"
"sDDJLqp7WE0ypTTFLo0dD9Jv+QWWJEcsG2A99QeB4=","sDDJLqp7WE0ypTTFLo0dD9Jv+QWWJEcsG2A99QeB4=","sDDJLqp7WE0ypTTFLo0dD9Jv+QWWJEcsG2A99QeB4=","","wrestling lover ‚ù§Ô∏è","","365","151","2021-04-10","es"
"VkG9ecxc3EXCXFzg7wlMWqPaFG+Kd4gmwwr1oev7J4=","VkG9ecxc3EXCXFzg7wlMWqPaFG+Kd4gmwwr1oev7J4=","VkG9ecxc3EXCXFzg7wlMWqPaFG+Kd4gmwwr1oev7J4=","","Y0soyGranados","","128","170","2021-04-20","en"
"1434129673","ü§üüèæ(‚öàÔ∏£ Õú ñ ‚öà·∑Ö)üëçüèΩ","hagehn85","M√©xico","Si pudiese dedicarte este tiempo a ti, no a tu ausencia, dejar√≠amos de estar ausentes, y seriamos presente, no solo un pasado mal conjugado","","5203","5932","2013-05-16","es"
"IZ0zWzmrWeg6mpPhBPpjc2l0m8owYH74ZflOA46uqdo=","IZ0zWzmrWeg6mpPhBPpjc2l0m8owYH74ZflOA46uqdo=","IZ0zWzmrWeg6mpPhBPpjc2l0m8owYH74ZflOA46uqdo=","","nueva cuenta üòä‚ù§Ô∏è","","150","142","2021-02-16","es"
"lL1LqMZ9o48xW2aUY2u5y1xXKCtldcDdrbVDvrEbBc=","lL1LqMZ9o48xW2aUY2u5y1xXKCtldcDdrbVDvrEbBc=","lL1LqMZ9o48xW2aUY2u5y1xXKCtldcDdrbVDvrEbBc=","","Oscuridad absoluta","","124","130","2020-09-21","es"
"pE+fcMykppKiquO3gVtqr7IJdZ2TSPzNZLbpuijmgA=","pE+fcMykppKiquO3gVtqr7IJdZ2TSPzNZLbpuijmgA=","pE+fcMykppKiquO3gVtqr7IJdZ2TSPzNZLbpuijmgA=","M√©xico","M√°s rudo y m√°s crudo que nunca","","302","346","2020-09-04","es"
"vsO4gzjD58eSvzgYssVOEEwb6eoB6zzxAxJXwBfETXA=","vsO4gzjD58eSvzgYssVOEEwb6eoB6zzxAxJXwBfETXA=","vsO4gzjD58eSvzgYssVOEEwb6eoB6zzxAxJXwBfETXA=","","Estudiante, o tal vez no.","","643","611","2018-01-25","es"
"QLZ0V13h4uQ1OHhgaZfVsa3ZjcmkglMpv8C3DBwtxSo=","QLZ0V13h4uQ1OHhgaZfVsa3ZjcmkglMpv8C3DBwtxSo=","QLZ0V13h4uQ1OHhgaZfVsa3ZjcmkglMpv8C3DBwtxSo=","","Te invito a conocer mi tienda en l√≠neaüíå
Si te gusta el anime, K-pop, los mangas, el arte, los donghua, los doramas o los manwhas... ya tienes con quien hablar‚úå","https://t.co/Bw4Z5v7ptH","19","92","2021-04-20","es"
"Hdz9Osf5ES8gJM8wmxA1d957vacuV43ozfMS0E4JS+8=","Hdz9Osf5ES8gJM8wmxA1d957vacuV43ozfMS0E4JS+8=","Hdz9Osf5ES8gJM8wmxA1d957vacuV43ozfMS0E4JS+8=","","Soy solo eso, t√∫ tentaci√≥n","","1064","2269","2018-04-18","es"
"eMvnYK8jls6UVuiYv2ex0U0rmrHlPautjnvD8jf6Wc=","eMvnYK8jls6UVuiYv2ex0U0rmrHlPautjnvD8jf6Wc=","eMvnYK8jls6UVuiYv2ex0U0rmrHlPautjnvD8jf6Wc=","","Memes y momasos","","82","60","2021-02-14","es"
"bJGrtbSNlk1hypcea63abMMB99aAABd5CmtOGY4p0=","bJGrtbSNlk1hypcea63abMMB99aAABd5CmtOGY4p0=","bJGrtbSNlk1hypcea63abMMB99aAABd5CmtOGY4p0=","M√©xico","Me gusta viajar, conocer nuevas amistades. Adoro cocinar . ‚ùåNO DM‚ÅâÔ∏èS√çGUEME Y TE SIGO üòòüòã","","2439","2430","2020-09-07","es"
"yMRCAPbghnVlyTydRw37nwh6YpSP02dL5QXoSEYnZ8=","yMRCAPbghnVlyTydRw37nwh6YpSP02dL5QXoSEYnZ8=","yMRCAPbghnVlyTydRw37nwh6YpSP02dL5QXoSEYnZ8=","","","","390","226","2021-04-10","en"
"YYIGMitAjYkXr1qS22TW3qY2UIkDAgJLFA+SctrZyc=","YYIGMitAjYkXr1qS22TW3qY2UIkDAgJLFA+SctrZyc=","YYIGMitAjYkXr1qS22TW3qY2UIkDAgJLFA+SctrZyc=","","","","21","14","2021-02-16","es"
"Vtu1NU36TYGFWQeFV7p3EYcPH9kKufs3LTMxCavYks=","Vtu1NU36TYGFWQeFV7p3EYcPH9kKufs3LTMxCavYks=","Vtu1NU36TYGFWQeFV7p3EYcPH9kKufs3LTMxCavYks=","","Enamorada del Presidente Hugo Ch√°vez!!!...Bolivariana 100%.","http://t.co/FakEI3mvm9","337","139","2012-07-16","es"
"9xWBYolx2YOvmUPH4OMhwjrn+inMNISTJ5CCt65Bo9c=","9xWBYolx2YOvmUPH4OMhwjrn+inMNISTJ5CCt65Bo9c=","9xWBYolx2YOvmUPH4OMhwjrn+inMNISTJ5CCt65Bo9c=","","Agente mega ultra secreto y distra√≠do listo a rescatarlos del mal humor.","","464","459","2020-11-11","es"
"XGkDj73zYSKdLgd+KW4LuVfPMqTs8eglatg8y4ncZI=","XGkDj73zYSKdLgd+KW4LuVfPMqTs8eglatg8y4ncZI=","XGkDj73zYSKdLgd+KW4LuVfPMqTs8eglatg8y4ncZI=","","","","0","9","2021-05-08","en"
"u9RCCSwVZHtdRZFnUm2rnly1uQsmkCwkIbB59smhbnM=","u9RCCSwVZHtdRZFnUm2rnly1uQsmkCwkIbB59smhbnM=","u9RCCSwVZHtdRZFnUm2rnly1uQsmkCwkIbB59smhbnM=","","Cosas de ingenieros","","313","43","2021-01-16","es"
"NBob9UEwki17bwsDlRtdndM0uXSQYCTun48d0Pz1IWY=","NBob9UEwki17bwsDlRtdndM0uXSQYCTun48d0Pz1IWY=","NBob9UEwki17bwsDlRtdndM0uXSQYCTun48d0Pz1IWY=","","","","431","11","2021-03-20","en"
"e2ZbLXrEvQGDmkCbnYXj9GyY+6Ze4PiIWt7nexKyyLA=","e2ZbLXrEvQGDmkCbnYXj9GyY+6Ze4PiIWt7nexKyyLA=","e2ZbLXrEvQGDmkCbnYXj9GyY+6Ze4PiIWt7nexKyyLA=","M√©xico","Me gusta escribir lo que decir no se puede","","927","951","2020-09-05","es"
"mZpmaGZEZOCPq2rXPASzREpRfhlaQQzI+u3p6eW05eE=","mZpmaGZEZOCPq2rXPASzREpRfhlaQQzI+u3p6eW05eE=","mZpmaGZEZOCPq2rXPASzREpRfhlaQQzI+u3p6eW05eE=","","Esp√≠a internacional. Busco la cura al malhumor.","","569","556","2020-11-16","es"
"gccsxbrVehBrLlaVw+0ICZx+mx1GPeqvhGqFHdMtY=","gccsxbrVehBrLlaVw+0ICZx+mx1GPeqvhGqFHdMtY=","gccsxbrVehBrLlaVw+0ICZx+mx1GPeqvhGqFHdMtY=","","Miedo? ja Nac√≠ para mori","https://t.co/CzdAioxF7t","540","328","2015-10-03","es"
"8GCAmtf3q4j7lmDG2ECgxSt9N1PH8twfjEuEk0H1IF0=","8GCAmtf3q4j7lmDG2ECgxSt9N1PH8twfjEuEk0H1IF0=","8GCAmtf3q4j7lmDG2ECgxSt9N1PH8twfjEuEk0H1IF0=","","Lic. Relaciones exteriores. M√∫sica, fut, guitarra y piano. Sigueme y te sigo.","","1082","1047","2020-09-25","es"
"W0sL91xX97BuvOvd06cE0D74drxylhdpjrGTMf3EfhM=","W0sL91xX97BuvOvd06cE0D74drxylhdpjrGTMf3EfhM=","W0sL91xX97BuvOvd06cE0D74drxylhdpjrGTMf3EfhM=","","Bailarina por que s√≠.üñ§","","189","244","2021-04-12","es"
"h6NgPvVlAZyt886KaZIZtGAjAy7oY0s3nGYG8guyKM=","h6NgPvVlAZyt886KaZIZtGAjAy7oY0s3nGYG8guyKM=","h6NgPvVlAZyt886KaZIZtGAjAy7oY0s3nGYG8guyKM=","","","","0","12","2021-05-06","en"
"reaQDaxUsWmUqPxrNqo3RrMWNfH+zX0I6sXU48b9tw=","reaQDaxUsWmUqPxrNqo3RrMWNfH+zX0I6sXU48b9tw=","reaQDaxUsWmUqPxrNqo3RrMWNfH+zX0I6sXU48b9tw=","","Cantador y enamorado","","521","991","2020-08-28","es"
"poj5qGDZjsYHDozgf1E6JF2P4Z89iYfFYTHQTjtmkI=","poj5qGDZjsYHDozgf1E6JF2P4Z89iYfFYTHQTjtmkI=","poj5qGDZjsYHDozgf1E6JF2P4Z89iYfFYTHQTjtmkI=","M√©xico","Nada es gratis en este mundo, quiz√° por eso la gente se cotiza poco.","","430","360","2020-09-05","es"
"jpaUObk3iXIaU1sAaIob+OdON0goB2uy27MDwPosrY=","jpaUObk3iXIaU1sAaIob+OdON0goB2uy27MDwPosrY=","jpaUObk3iXIaU1sAaIob+OdON0goB2uy27MDwPosrY=","","‚ï≠‚Ñô‚ïÆ‚ï≠ùïÉ‚ïÆ‚ï≠ùîº‚ïÆ‚ï≠ùî∏‚ïÆ‚ï≠ùïä‚ïÆ‚ï≠ùîº‚ïÆ ùî∏ùïüùïï ‚Ñùùîºùïãùïéùîºùîºùïã ‚ù§Ô∏è","","265","463","2020-09-08","es"
"mCog476pb5lHlYI+xFYBfMbB48Wqw5ObxjernumsZGo=","mCog476pb5lHlYI+xFYBfMbB48Wqw5ObxjernumsZGo=","mCog476pb5lHlYI+xFYBfMbB48Wqw5ObxjernumsZGo=","","","","0","5","2021-03-22","en"
"6p1cWEud8aFetfGlMzj3sgiDEmxk9FJnwMdXrJ6KW+o=","6p1cWEud8aFetfGlMzj3sgiDEmxk9FJnwMdXrJ6KW+o=","6p1cWEud8aFetfGlMzj3sgiDEmxk9FJnwMdXrJ6KW+o=","","","","195","115","2012-07-25","es"
"LALBD2uAGJOFMOzGOKiLTRZ7rRAHlzp9hkMgCjl3+Uk=","LALBD2uAGJOFMOzGOKiLTRZ7rRAHlzp9hkMgCjl3+Uk=","LALBD2uAGJOFMOzGOKiLTRZ7rRAHlzp9hkMgCjl3+Uk=","","","","226","128","2012-06-14","es"
"wN9sgYkyrIFmPsC9IKtdesx20lpJK9ywvi2kpy5QPs=","wN9sgYkyrIFmPsC9IKtdesx20lpJK9ywvi2kpy5QPs=","wN9sgYkyrIFmPsC9IKtdesx20lpJK9ywvi2kpy5QPs=","M√©xico","Apoyo a mis amigos y a mi familia, me gusta mucho la comida. Amo a M√©xico.","","39","48","2021-04-20","en"
"AtLkZVDSf+8rd0IkIXIyc8T6zPMyhjw9OGac4zrms=","AtLkZVDSf+8rd0IkIXIyc8T6zPMyhjw9OGac4zrms=","AtLkZVDSf+8rd0IkIXIyc8T6zPMyhjw9OGac4zrms=","","Viajero incansable. Amante de la naturaleza, el caf√© y la comida.
#SiguemeYTeSigo","","734","712","2020-09-27","es"
"5z4jZ4IwBtgTPaQSjhSY9PJ6PLIODyX2H1mjb7EHldA=","5z4jZ4IwBtgTPaQSjhSY9PJ6PLIODyX2H1mjb7EHldA=","5z4jZ4IwBtgTPaQSjhSY9PJ6PLIODyX2H1mjb7EHldA=","Cuauht√©moc, Distrito Federal","Conocer nuevas cosas, aprovechando d√≠as libres ‚ùåNo üÜî‚ôèÔ∏è","","338","423","2020-06-14","es"
"G7W0esDDknGghh2fFPpeDmL6L10R420xmhGBdtZ2EE=","G7W0esDDknGghh2fFPpeDmL6L10R420xmhGBdtZ2EE=","G7W0esDDknGghh2fFPpeDmL6L10R420xmhGBdtZ2EE=","","sigueme y te sigo :3","","373","337","2020-07-16","es"
"iqWlPvB8nS7Ca8WXxPeOeWqcVwtvykT43ZDcX3QjPjw=","iqWlPvB8nS7Ca8WXxPeOeWqcVwtvykT43ZDcX3QjPjw=","iqWlPvB8nS7Ca8WXxPeOeWqcVwtvykT43ZDcX3QjPjw=","Mexico","Ni mala ni buena, todo lo contrario.","","1056","993","2020-09-06","es"
"1e04U7HRnTQ8L5JXFgV+P6ZVf4kculE6l72j4cVtU=","1e04U7HRnTQ8L5JXFgV+P6ZVf4kculE6l72j4cVtU=","1e04U7HRnTQ8L5JXFgV+P6ZVf4kculE6l72j4cVtU=","Aragua","Soy un chavista maduro. #2018DeProteccionYFuturo","","196","211","2014-07-04","es"
"qiYU+caKp1Rl4BbupURHzkXtu1l2EU+Q++whZCoMuX4=","qiYU+caKp1Rl4BbupURHzkXtu1l2EU+Q++whZCoMuX4=","qiYU+caKp1Rl4BbupURHzkXtu1l2EU+Q++whZCoMuX4=","M√©xico","Mi segunda pasi√≥n las fotos, la primera... Las mujeres :)","","175","188","2020-09-30","es"
"nnV9io48hq2gRfGr0hC4FfHaPL9FxsdMV9h4hQzUuA=","nnV9io48hq2gRfGr0hC4FfHaPL9FxsdMV9h4hQzUuA=","nnV9io48hq2gRfGr0hC4FfHaPL9FxsdMV9h4hQzUuA=","","","","220","271","2016-03-28","es"
"2JNf0wFOorBYrDYTOn2Cf0AqnwkatmA0El9G1CqMd3g=","2JNf0wFOorBYrDYTOn2Cf0AqnwkatmA0El9G1CqMd3g=","2JNf0wFOorBYrDYTOn2Cf0AqnwkatmA0El9G1CqMd3g=","San Andr√©s Tuxtla, Veracruz de","üåûüååüå†üåÖ","","330","195","2018-09-25","es"
"6B19cJoJCnKIltk4fXt0Pi6JkKhlfntLWuy17h5Ugik=","6B19cJoJCnKIltk4fXt0Pi6JkKhlfntLWuy17h5Ugik=","6B19cJoJCnKIltk4fXt0Pi6JkKhlfntLWuy17h5Ugik=","Cali, Colombia","Vive la Vida al 100%","","51","80","2017-11-13","es"
"RZ6Y9VgIrSOBGhFrFnyj4mVGIBRuNC6hmIQEZ2a6+kc=","RZ6Y9VgIrSOBGhFrFnyj4mVGIBRuNC6hmIQEZ2a6+kc=","RZ6Y9VgIrSOBGhFrFnyj4mVGIBRuNC6hmIQEZ2a6+kc=","M√©xico","Nada pasa sin un porqu√©.","","715","768","2020-09-08","es"
"fvmq+BJ7kMXkuuuEHhIEGUd6EQePcr4Ei5SO3igHzX0=","fvmq+BJ7kMXkuuuEHhIEGUd6EQePcr4Ei5SO3igHzX0=","fvmq+BJ7kMXkuuuEHhIEGUd6EQePcr4Ei5SO3igHzX0=","mexico","Hola","","401","244","2014-03-16","es"
"6bEl5gTPStojZ6hfJ3xQK6YPerS8Mw5ppGLer1DhS3c=","6bEl5gTPStojZ6hfJ3xQK6YPerS8Mw5ppGLer1DhS3c=","6bEl5gTPStojZ6hfJ3xQK6YPerS8Mw5ppGLer1DhS3c=","","orar alabar a nuestro Salvador,ayunar,hacer su voluntad y evangelizar","","3","22","2013-07-04","es"
"ThrPHJwbZ0tZn97a1iKlxRqTQeVkHKzqGf1vbdjoi8=","ThrPHJwbZ0tZn97a1iKlxRqTQeVkHKzqGf1vbdjoi8=","ThrPHJwbZ0tZn97a1iKlxRqTQeVkHKzqGf1vbdjoi8=","","Sigueme y te sigo üíïüòò","","123","114","2020-10-09","es"
"mXL2uUDVUTRfoZAhzjMp0F1MbD5iqxx4pwIxsdet3s=","mXL2uUDVUTRfoZAhzjMp0F1MbD5iqxx4pwIxsdet3s=","mXL2uUDVUTRfoZAhzjMp0F1MbD5iqxx4pwIxsdet3s=","","","","2","1","2021-03-20","es"
"zEtkvPYOOVxt9BcQTtM+4638r4fcqJg9p0kYntMwk=","zEtkvPYOOVxt9BcQTtM+4638r4fcqJg9p0kYntMwk=","zEtkvPYOOVxt9BcQTtM+4638r4fcqJg9p0kYntMwk=","","mucho por aprend√©r","","194","230","2021-02-08","es"
"2g0npIHvOqd8a3DlMqdwjoe8aAirGmnOnycBbecQ0=","2g0npIHvOqd8a3DlMqdwjoe8aAirGmnOnycBbecQ0=","2g0npIHvOqd8a3DlMqdwjoe8aAirGmnOnycBbecQ0=","Veracruz de Ignacio de la Llav","When everything's made to break I just want you to know who I am‚ô°","https://t.co/MhCUKA93pD","127","159","2019-08-05","es"
"tL9P8oAav+PzTZGqOWOIlIWRQaZqvcAUpiDT3n0EmM=","tL9P8oAav+PzTZGqOWOIlIWRQaZqvcAUpiDT3n0EmM=","tL9P8oAav+PzTZGqOWOIlIWRQaZqvcAUpiDT3n0EmM=","Bogot√°, D.C., Colombia","Cuenta creada en apoyo a Rafael Nieto Loaiza #CentroDemocr√°tico #RafaMiCandidato","","94","319","2017-08-29","es"
"WpgkaaeOdV5VdbNSuzn7ytEnbsBXhNuPGFKGXkxRmOg=","WpgkaaeOdV5VdbNSuzn7ytEnbsBXhNuPGFKGXkxRmOg=","WpgkaaeOdV5VdbNSuzn7ytEnbsBXhNuPGFKGXkxRmOg=","Mexico","Yo no chanceo, solo soy carism√°tico. Soy Sergio pero no el bailador.","","159","177","2020-09-25","es"
"qdW1cbcGl8ILa6UQ3HsXS7WetM9eLJXZ4ph+NQT0zso=","qdW1cbcGl8ILa6UQ3HsXS7WetM9eLJXZ4ph+NQT0zso=","qdW1cbcGl8ILa6UQ3HsXS7WetM9eLJXZ4ph+NQT0zso=","Veracruz, Veracruz de Ignacio ","tu cuenta ideal llena de frases wonis","","488","220","2021-02-18","en"
"Wgfpsdq7DcZQDVD2N4bTdaR6bR70BZdjeLTczLFCcL4=","Wgfpsdq7DcZQDVD2N4bTdaR6bR70BZdjeLTczLFCcL4=","Wgfpsdq7DcZQDVD2N4bTdaR6bR70BZdjeLTczLFCcL4=","M√©xico","Me divierto mucho con el deporte
Amo a mi familia
NO DM","","1093","1292","2018-04-29","es"
"rzwWKMFAvASYnVpRBMPgCH+awm5V9ppxAcEGFQ2e0ag=","rzwWKMFAvASYnVpRBMPgCH+awm5V9ppxAcEGFQ2e0ag=","rzwWKMFAvASYnVpRBMPgCH+awm5V9ppxAcEGFQ2e0ag=","M√©xico","ya vine √±e√±es, si vos me segu√≠s te sigo","","280","247","2020-09-05","es"
"PzMwmnXtIsXHWyHt8cC58BzHsM527qdPip+BF4Olq8E=","PzMwmnXtIsXHWyHt8cC58BzHsM527qdPip+BF4Olq8E=","PzMwmnXtIsXHWyHt8cC58BzHsM527qdPip+BF4Olq8E=","","Gatos ,libros,  cultura y deporte","","614","166","2021-03-25","en"
"WVe7W8p5gebVLaRA+J50kVBLMEKHKXTRmo7GMeC7w=","WVe7W8p5gebVLaRA+J50kVBLMEKHKXTRmo7GMeC7w=","WVe7W8p5gebVLaRA+J50kVBLMEKHKXTRmo7GMeC7w=","","","","0","8","2021-05-08","en"
"UZAQYHwbEhvlHySDk0qy9QWHimhOzjSTMMfCPi9KnE=","UZAQYHwbEhvlHySDk0qy9QWHimhOzjSTMMfCPi9KnE=","UZAQYHwbEhvlHySDk0qy9QWHimhOzjSTMMfCPi9KnE=","M√©xico","Sierra, desierto, mar.
Un vino, un caf√©.","","480","475","2019-07-09","es"
"jG97+f+xpuyIGDmxVXSUWuPBQb+JgttcOMvY6ifC0=","jG97+f+xpuyIGDmxVXSUWuPBQb+JgttcOMvY6ifC0=","jG97+f+xpuyIGDmxVXSUWuPBQb+JgttcOMvY6ifC0=","M√©xico","En un MUNDO de locura, los valientes saltan hacia el abismo.","","728","852","2020-06-14","en"
"5EfaCxn29ja2Uu+nSpm1EBgjA4VGcQGmSJT72HCUZcQ=","5EfaCxn29ja2Uu+nSpm1EBgjA4VGcQGmSJT72HCUZcQ=","5EfaCxn29ja2Uu+nSpm1EBgjA4VGcQGmSJT72HCUZcQ=","","la mente y el coraz√≥n
deben de estar en orden","","260","317","2020-09-04","es"
"3pj1A1Ij8izh9ZUWtL72c0+AzD3qDPRQPCTrBYUY8E=","3pj1A1Ij8izh9ZUWtL72c0+AzD3qDPRQPCTrBYUY8E=","3pj1A1Ij8izh9ZUWtL72c0+AzD3qDPRQPCTrBYUY8E=","","cuenta de parodia 
chistes y algunas
barbaridades","","238","336","2020-09-04","es"
"A7xPig7dJjkt1yZIJ+ziwa0G7dSM25dWvrhgbMElw=","A7xPig7dJjkt1yZIJ+ziwa0G7dSM25dWvrhgbMElw=","A7xPig7dJjkt1yZIJ+ziwa0G7dSM25dWvrhgbMElw=","M√©xico","25 | ùê∫ùëëùëô.ùëáùëôùë• | üèπ | estudiante de Kabbalah | üá±üáß","https://t.co/VM6mprClWa","871","785","2011-08-17","es"
"7Gmc5gFxs3kr2psSI5ChdLBEDLPC8xiskxm3k20ONfY=","7Gmc5gFxs3kr2psSI5ChdLBEDLPC8xiskxm3k20ONfY=","7Gmc5gFxs3kr2psSI5ChdLBEDLPC8xiskxm3k20ONfY=","Zona metropolitana, M√©xico","Disque Single, Disque Runner, Disque TattoLover","","440","967","2012-11-20","es"
"SerlffBb4WjJdgWIyR28ZSzuZDsr4sfiPQyGa2xIYHk=","SerlffBb4WjJdgWIyR28ZSzuZDsr4sfiPQyGa2xIYHk=","SerlffBb4WjJdgWIyR28ZSzuZDsr4sfiPQyGa2xIYHk=","Ixtapaluca, M√©xico","","","411","289","2021-02-18","es"
"epVFbabSbGhzxuRioR2j65nhUoJSE2xg547clpIsuuk=","epVFbabSbGhzxuRioR2j65nhUoJSE2xg547clpIsuuk=","epVFbabSbGhzxuRioR2j65nhUoJSE2xg547clpIsuuk=","","Peluditos en todo momento","","87","53","2021-02-14","es"
"nlwipy0bAmjUjGzOcN9bfkALTV516583ULeqmz67M=","nlwipy0bAmjUjGzOcN9bfkALTV516583ULeqmz67M=","nlwipy0bAmjUjGzOcN9bfkALTV516583ULeqmz67M=","M√©xico","descubriendo ando","","349","134","2021-04-03","es"
"wM+0G7ZQxM+Pln6rwlETylID9NLwe1sUkmXuyxiju6U=","wM+0G7ZQxM+Pln6rwlETylID9NLwe1sUkmXuyxiju6U=","wM+0G7ZQxM+Pln6rwlETylID9NLwe1sUkmXuyxiju6U=","M√©xico","XXXX - Soy el BOOM pero de mi familia.","","121","164","2020-12-29","en"
"kWZNzEaH4Zj0N6WDkIxmMfgD6FXdps4uIjQxq2HMI=","kWZNzEaH4Zj0N6WDkIxmMfgD6FXdps4uIjQxq2HMI=","kWZNzEaH4Zj0N6WDkIxmMfgD6FXdps4uIjQxq2HMI=","","Rebelde, feminista, sexosa, ecologista. Coraz√≥n salvaje.","","565","1001","2020-09-08","es"
"xExeeI9b7PkllUQYp3S52iEZyshALp7eQP6EuGIi0uw=","xExeeI9b7PkllUQYp3S52iEZyshALp7eQP6EuGIi0uw=","xExeeI9b7PkllUQYp3S52iEZyshALp7eQP6EuGIi0uw=","","","","19","18","2020-06-13","en"
"qwc6OaJu020fOEmY5CGfWXLmqcokbk0YfONx90ahY=","qwc6OaJu020fOEmY5CGfWXLmqcokbk0YfONx90ahY=","qwc6OaJu020fOEmY5CGfWXLmqcokbk0YfONx90ahY=","puebla ","‚ú®‚ú®‚ú®","","414","20","2010-04-29","es"
"obNwL6ZG75ZY9gIEac1q9+fu22WnKpdwRozOzy444s=","obNwL6ZG75ZY9gIEac1q9+fu22WnKpdwRozOzy444s=","obNwL6ZG75ZY9gIEac1q9+fu22WnKpdwRozOzy444s=","M√©xico","Y no siempre es mejor lo bueno, y lo malo, lo peor.","","4297","53","2012-07-06","es"
"dH62JCmqH3icIUDGAiAA4obYfOjU6pQtC69Ik1QiAgk=","dH62JCmqH3icIUDGAiAA4obYfOjU6pQtC69Ik1QiAgk=","dH62JCmqH3icIUDGAiAA4obYfOjU6pQtC69Ik1QiAgk=","Cali, Colombia","Fitnes-Cuerpo Sano-Musica-Moda","","60","79","2017-11-12","es"
"MUCABLxN7ZG1+ZYXqhauTceZMpuYPBvJ02vWxztgs=","MUCABLxN7ZG1+ZYXqhauTceZMpuYPBvJ02vWxztgs=","MUCABLxN7ZG1+ZYXqhauTceZMpuYPBvJ02vWxztgs=","","Aqu√≠ no hablamos de pol√≠tica","","10","19","2021-04-05","es"
"CmS0HSwxT1EDBwuMZetUPk6ZedU3srs0ATcmPG8kOs=","CmS0HSwxT1EDBwuMZetUPk6ZedU3srs0ATcmPG8kOs=","CmS0HSwxT1EDBwuMZetUPk6ZedU3srs0ATcmPG8kOs=","","Completamente Indecisa!","","47","42","2020-12-11","es"
"9gUooVd0Gl1dQcauD+3m1MSWbKYpvXnZkhf5cpTFhgU=","9gUooVd0Gl1dQcauD+3m1MSWbKYpvXnZkhf5cpTFhgU=","9gUooVd0Gl1dQcauD+3m1MSWbKYpvXnZkhf5cpTFhgU=","","Mientras todos quer√≠an ir a la luna Amane decidi√≥ ir a ning√∫n lado","","86","103","2020-09-25","es"
"oVvQp911rtKzTuwIp2rwkN5RxBwnAjKeGkZNnpcO90=","oVvQp911rtKzTuwIp2rwkN5RxBwnAjKeGkZNnpcO90=","oVvQp911rtKzTuwIp2rwkN5RxBwnAjKeGkZNnpcO90=","M√©xico","","","535","669","2020-09-21","es"
"oi+ZZW5K7LydIElnFIv3F+qzgnpC2j9ezc56Osn1+HI=","oi+ZZW5K7LydIElnFIv3F+qzgnpC2j9ezc56Osn1+HI=","oi+ZZW5K7LydIElnFIv3F+qzgnpC2j9ezc56Osn1+HI=","","........pensando;{.....



#DinastiaMilenials","","210","339","2021-04-05","es"
"0miuQqk7bjjXii+b867Qgl7BnQ2lTHpo02iXljqkOsI=","0miuQqk7bjjXii+b867Qgl7BnQ2lTHpo02iXljqkOsI=","0miuQqk7bjjXii+b867Qgl7BnQ2lTHpo02iXljqkOsI=","","QUERIA PONER ALGO. PERO ME AREPENTI","","246","437","2021-04-07","es"
"OZZq7yEWrYOkuqlzjRd437TMkSlgh1SWmzYSa4qV6Qc=","OZZq7yEWrYOkuqlzjRd437TMkSlgh1SWmzYSa4qV6Qc=","OZZq7yEWrYOkuqlzjRd437TMkSlgh1SWmzYSa4qV6Qc=","M√©xico","Soy YO, amigo fiel y amante ideal. 
Amo las motos y a mi familia.
No dm.","","1571","2253","2018-04-04","es"
"RcSEIPmlpSZeMkyPpODJIx8lD4MZfjGnk8Z62bEPSIQ=","RcSEIPmlpSZeMkyPpODJIx8lD4MZfjGnk8Z62bEPSIQ=","RcSEIPmlpSZeMkyPpODJIx8lD4MZfjGnk8Z62bEPSIQ=","","Hola s√≠gueme y te sigo","","109","117","2020-09-09","es"
"ZCGVHV2Nt1Hq+fMSYjQ5LSNrz4K2T95UkxhMY33Q8=","ZCGVHV2Nt1Hq+fMSYjQ5LSNrz4K2T95UkxhMY33Q8=","ZCGVHV2Nt1Hq+fMSYjQ5LSNrz4K2T95UkxhMY33Q8=","cdmx","","","213","441","2020-08-20","es"
"Sfb+FwbUWVfqIQSdfnBf1S5liyZ0+WPeFu3E7N5Phk=","Sfb+FwbUWVfqIQSdfnBf1S5liyZ0+WPeFu3E7N5Phk=","Sfb+FwbUWVfqIQSdfnBf1S5liyZ0+WPeFu3E7N5Phk=","Caracas, Venezuela","Por un mundo mejor!! #JpsuvConNico","","200","39","2010-03-05","es"
"giMB9sbXdhMtUNCD6MR38IAQfkMSjXCJId6vZPRSNEE=","giMB9sbXdhMtUNCD6MR38IAQfkMSjXCJId6vZPRSNEE=","giMB9sbXdhMtUNCD6MR38IAQfkMSjXCJId6vZPRSNEE=","Universo ","Si lo puedes so√±ar,lo puedes hacer realidad","","265","451","2020-09-08","es"
"qAC5ZOPiGNfyRaNuoONEBKqkwf38cIarnfwXPXyt0=","qAC5ZOPiGNfyRaNuoONEBKqkwf38cIarnfwXPXyt0=","qAC5ZOPiGNfyRaNuoONEBKqkwf38cIarnfwXPXyt0=","M√©xico","Amante del arte!","","367","713","2020-08-29","en"
"NmxIebdXzwro6PO6sIO98J3Avp6Pi0mbva1YrcJqz0A=","NmxIebdXzwro6PO6sIO98J3Avp6Pi0mbva1YrcJqz0A=","NmxIebdXzwro6PO6sIO98J3Avp6Pi0mbva1YrcJqz0A=","Bogot√° ","Ciudadano, amante al deporte!!!!","","289","276","2017-09-23","es"
"63hbmZr4F9lF5ZYNyencfmtZaB4NOyK+IoiNijLv5k=","63hbmZr4F9lF5ZYNyencfmtZaB4NOyK+IoiNijLv5k=","63hbmZr4F9lF5ZYNyencfmtZaB4NOyK+IoiNijLv5k=","Planeta Tierraüåéüåçüåè","Letras, m√∫sica, Frases de la vida, memes... de todo un pocoüòãüëã","","471","291","2021-04-10","es"
"Iv7H1NTlDwpAyBszwvG2mVmhnX8kGTqRQc91MJxEiY=","Iv7H1NTlDwpAyBszwvG2mVmhnX8kGTqRQc91MJxEiY=","Iv7H1NTlDwpAyBszwvG2mVmhnX8kGTqRQc91MJxEiY=","","Con Ch√°vez hasta el final!!!! #SiembraMineraDelFuturo","","229","77","2010-03-05","es"
"ZrC0YAVc8TD+wJoOwPLQluhoBEfQ0ZdJ2jQhEm+zKk=","ZrC0YAVc8TD+wJoOwPLQluhoBEfQ0ZdJ2jQhEm+zKk=","ZrC0YAVc8TD+wJoOwPLQluhoBEfQ0ZdJ2jQhEm+zKk=","M√©xico","Solo soy sombra de lo que fui, y ser√©. SDV ü§üüèª","","244","228","2012-07-06","es"
"hNKMtP9Wkcpe0GaJKOxteD8kA8FfHrOtEoxibd82K4=","hNKMtP9Wkcpe0GaJKOxteD8kA8FfHrOtEoxibd82K4=","hNKMtP9Wkcpe0GaJKOxteD8kA8FfHrOtEoxibd82K4=","","Defensora de los animales üêáüê©üêπüê¶üêëüê±
#SiguemeYTeSigo","","851","828","2020-09-27","es"
"HlOBfbrb8AMKxYNmaYHtAFsr8dJgkc+ifKXngDmkI=","HlOBfbrb8AMKxYNmaYHtAFsr8dJgkc+ifKXngDmkI=","HlOBfbrb8AMKxYNmaYHtAFsr8dJgkc+ifKXngDmkI=","Venezuela","","","207","102","2010-02-10","es"
"xvYsQTqvOTwL+5PlocHdETJorxv3FNJaRscqEUpShrU=","xvYsQTqvOTwL+5PlocHdETJorxv3FNJaRscqEUpShrU=","xvYsQTqvOTwL+5PlocHdETJorxv3FNJaRscqEUpShrU=","Veracruz, Veracruz de Ignacio ","Vine aqu√≠ y no sabia que poner, as√≠ que pongo mis letras.","","252","241","2020-09-08","es"
"hZyusfw2Wsw36y9GLyuCTTbvWsna4nz96F8ZLowOTGc=","hZyusfw2Wsw36y9GLyuCTTbvWsna4nz96F8ZLowOTGc=","hZyusfw2Wsw36y9GLyuCTTbvWsna4nz96F8ZLowOTGc=","M√©xico","Mexicana enamorada de sus bellezas naturales.
Estudiante   NO DM  NO PORNO","","1120","1240","2018-05-06","es"
"DvbwHZ+7xJYR+qAcpytZV940uFoIPiFYXqByB9IBv9Y=","DvbwHZ+7xJYR+qAcpytZV940uFoIPiFYXqByB9IBv9Y=","DvbwHZ+7xJYR+qAcpytZV940uFoIPiFYXqByB9IBv9Y=","M√©xico","El problema grave del mundo actual  es la indiferencia que hay entre nosotros","","1191","1017","2019-03-27","es"
"IQBBNQYiDsyVpcdG20wf82yH0JzeEEn+zxf4w4MEWa8=","IQBBNQYiDsyVpcdG20wf82yH0JzeEEn+zxf4w4MEWa8=","IQBBNQYiDsyVpcdG20wf82yH0JzeEEn+zxf4w4MEWa8=","M√©xico","A√±o Nuevo, perversiones nuevas. #FXF üéàü§§","","529","489","2020-09-05","es"
"nMCNQuCDkUGXeR4JfSD3gGhNoR0+5gpaDG0aeSFxIT0=","nMCNQuCDkUGXeR4JfSD3gGhNoR0+5gpaDG0aeSFxIT0=","nMCNQuCDkUGXeR4JfSD3gGhNoR0+5gpaDG0aeSFxIT0=","Caracas","Madre de un bello beb√©: Marcos. Venezolana bella, vivo en Caracas. #PetroElFuturoEsHoy","","119","102","2014-07-04","es"
"iCwKcy4E2jUs9w0mnFMK9s9Nb4bPX1iKH9Zrc8XT0L4=","iCwKcy4E2jUs9w0mnFMK9s9Nb4bPX1iKH9Zrc8XT0L4=","iCwKcy4E2jUs9w0mnFMK9s9Nb4bPX1iKH9Zrc8XT0L4=","Mexico, D.F.","Todos esos momentos se perder√°n en el tiempo, igual que l√°grimas en la lluvia. Lleg√≥ la hora de morir.","","413","309","2019-09-02","es"
"oTHI92kSoQp+nPKJud7sDmwcOvKYAcC9Lo6XpJUTR6s=","oTHI92kSoQp+nPKJud7sDmwcOvKYAcC9Lo6XpJUTR6s=","oTHI92kSoQp+nPKJud7sDmwcOvKYAcC9Lo6XpJUTR6s=","",".....Ideas...","","216","321","2021-04-05","es"
"OfaQgU1lpMEuKejxxEm8YJAr5V3Jevy2C2s2+F7h6Q=","OfaQgU1lpMEuKejxxEm8YJAr5V3Jevy2C2s2+F7h6Q=","OfaQgU1lpMEuKejxxEm8YJAr5V3Jevy2C2s2+F7h6Q=","","Traductora. viajar, leer, correr.
NO DM","","499","489","2021-01-03","es"
"icLQmbdLtqoUIMS3hUCEMTn28ZTK+3fyQlBR6uUq80M=","icLQmbdLtqoUIMS3hUCEMTn28ZTK+3fyQlBR6uUq80M=","icLQmbdLtqoUIMS3hUCEMTn28ZTK+3fyQlBR6uUq80M=","","Espero que me alcance la vida, para demostrarme, la gloria a la que estoy destinado...","","938","1230","2020-11-09","es"
"fsuR5WzS3OEIkW0yq6VcBIKK6Gm7b40jLzMWqmAEPA=","fsuR5WzS3OEIkW0yq6VcBIKK6Gm7b40jLzMWqmAEPA=","fsuR5WzS3OEIkW0yq6VcBIKK6Gm7b40jLzMWqmAEPA=","Venezuela.Caracas","Periodista comprometido con la Patria, con el Comandante Supremo y Nuestro Presidente Maduro porque quiero m√°s socialismo!!!","","113","114","2014-07-28","es"
"PDZAwxGoWjKB8B3AROQAuNb4FiLYEJ1zSDFhpRumcE=","PDZAwxGoWjKB8B3AROQAuNb4FiLYEJ1zSDFhpRumcE=","PDZAwxGoWjKB8B3AROQAuNb4FiLYEJ1zSDFhpRumcE=","M√©xico","¬øPor qu√© estas tan obsesionada conmigo?","","630","300","2021-02-17","es"
"q9OptvyPeee9Av0IP1koym987RMaHYXI8fD3glcIut0=","q9OptvyPeee9Av0IP1koym987RMaHYXI8fD3glcIut0=","q9OptvyPeee9Av0IP1koym987RMaHYXI8fD3glcIut0=","","","","106","90","2014-07-04","es"
"LCFfNP5FHEUSNRHE928MWVkqmZPQvS6YnGzuCYI92I=","LCFfNP5FHEUSNRHE928MWVkqmZPQvS6YnGzuCYI92I=","LCFfNP5FHEUSNRHE928MWVkqmZPQvS6YnGzuCYI92I=","","ara ara~ Lo imposible en el anime se vuelve posible","","115","121","2020-09-30","en"
"9mpmMUJqXoU1UPGhZ3QxfHQaRJtPoXnxDtDwl9cL08=","9mpmMUJqXoU1UPGhZ3QxfHQaRJtPoXnxDtDwl9cL08=","9mpmMUJqXoU1UPGhZ3QxfHQaRJtPoXnxDtDwl9cL08=","Zulia","Padre de un m√©dico y un abogado: Andr√©s y Paco. Ch√°vez vive la lucha sigue!","","88","163","2014-07-04","es"
"mhXaeqhFMYTDyrxKgdwoXFXLhBIKK8P4IPiHHEnhgg=","mhXaeqhFMYTDyrxKgdwoXFXLhBIKK8P4IPiHHEnhgg=","mhXaeqhFMYTDyrxKgdwoXFXLhBIKK8P4IPiHHEnhgg=","Venezuela","Form√©monos una patria a toda costa y todo lo dem√°s ser√° tolerable.","","175","99","2010-03-05","es"
"WQrcN6bsEPOQCGF+GLaIM8JjDROPvuWBGQKUWCr1xeI=","WQrcN6bsEPOQCGF+GLaIM8JjDROPvuWBGQKUWCr1xeI=","WQrcN6bsEPOQCGF+GLaIM8JjDROPvuWBGQKUWCr1xeI=","Sonora, M√©xico","","","183","21","2021-02-16","es"
"D8+rXvNxqpNY4lzwMnfYzm1PNGPEq3AqSemn4ClJeXI=","D8+rXvNxqpNY4lzwMnfYzm1PNGPEq3AqSemn4ClJeXI=","D8+rXvNxqpNY4lzwMnfYzm1PNGPEq3AqSemn4ClJeXI=","Venezuela. Zulia","Trabajadora Social. Patriota hasta el √∫ltimo pelo y hasta la muerte con Ch√°vez y Maduro, para lograr m√°s Venezuela.","","114","83","2014-07-28","es"
"o0k4HakouDKeFOuM3nHinI+N0CNMIInAvR9rldtzn2c=","o0k4HakouDKeFOuM3nHinI+N0CNMIInAvR9rldtzn2c=","o0k4HakouDKeFOuM3nHinI+N0CNMIInAvR9rldtzn2c=","M√©xico","Sal√≠ huyendo del amor de otros lados, aqu√≠ vengo a re√≠rme.","","848","838","2020-09-06","es"
"O01zNWpkgQnIRsOuIOGm8FaKfF7fKpwJAIKh9vCM2s=","O01zNWpkgQnIRsOuIOGm8FaKfF7fKpwJAIKh9vCM2s=","O01zNWpkgQnIRsOuIOGm8FaKfF7fKpwJAIKh9vCM2s=","","........... biograf√≠a en construcci√≥n.","","232","350","2021-04-05","es"
"uJbR9L8SZd5NlY+FjJw6pQugPg8AuLgoW7m0kiqMIw=","uJbR9L8SZd5NlY+FjJw6pQugPg8AuLgoW7m0kiqMIw=","uJbR9L8SZd5NlY+FjJw6pQugPg8AuLgoW7m0kiqMIw=","SAT ‚ô•","Tan cul√© como @Carles5Puyol, muy del Arsenal como @ThierryHenry a muerte con @CF_America y siempre apoyando al @ClubTiburones. Mexicano de nacimiento.","https://t.co/FFZaHIedve","2019","2354","2009-11-24","es"
"hmph1kGBykrwG1EaJWABZQs8rkoHpbpbbXhIjeeRYU=","hmph1kGBykrwG1EaJWABZQs8rkoHpbpbbXhIjeeRYU=","hmph1kGBykrwG1EaJWABZQs8rkoHpbpbbXhIjeeRYU=","M√©xico","La familia es primero","","237","16","2020-11-06","en"
"0GCmFYPQPk2BOQaMf3moHp6MV7RW2YfOgxSuuNnA=","0GCmFYPQPk2BOQaMf3moHp6MV7RW2YfOgxSuuNnA=","0GCmFYPQPk2BOQaMf3moHp6MV7RW2YfOgxSuuNnA=","","La melancol√≠a es una tristeza, un deseo sin nada de dolor, parecido a la tristeza en la misma medida en que la neblina se parece a la lluvia","","240","545","2021-03-19","en"
"eFRuLpLCGFK+D+qRQI09u740czVtUbEIpG3ydR1AQk=","eFRuLpLCGFK+D+qRQI09u740czVtUbEIpG3ydR1AQk=","eFRuLpLCGFK+D+qRQI09u740czVtUbEIpG3ydR1AQk=","","","","7","12","2021-03-01","es"
"OKlkOKZerax3bgStwp9c3iJ9KH8MlYAWDiSQmTup8o=","OKlkOKZerax3bgStwp9c3iJ9KH8MlYAWDiSQmTup8o=","OKlkOKZerax3bgStwp9c3iJ9KH8MlYAWDiSQmTup8o=","","ararararararara","","123","121","2021-02-16","es"
"ZkHxqLpUvCUWrTbEzkL7plQUm0yB1C6kwX03LuQXkk=","ZkHxqLpUvCUWrTbEzkL7plQUm0yB1C6kwX03LuQXkk=","ZkHxqLpUvCUWrTbEzkL7plQUm0yB1C6kwX03LuQXkk=","","YA NO BUSCO, DEJO ME ENCUENTREN","","887","860","2020-09-05","es"
"f2RSIiiacOi9kAbR3+9BZjGxj8WchxnesumBzo8g+kY=","f2RSIiiacOi9kAbR3+9BZjGxj8WchxnesumBzo8g+kY=","f2RSIiiacOi9kAbR3+9BZjGxj8WchxnesumBzo8g+kY=","","simp√°tica amigable","","18","27","2021-03-01","es"
"K1XaJcc0ZFt70qS6AcwKg71Ci7xIS1teLs5+kXimtwg=","K1XaJcc0ZFt70qS6AcwKg71Ci7xIS1teLs5+kXimtwg=","K1XaJcc0ZFt70qS6AcwKg71Ci7xIS1teLs5+kXimtwg=","M√©xico","Solitario y atemporal.","","504","482","2020-03-11","en"
"nmKpCxNc+c9oLJuRW+09BgLUsjDeTw6D0OFSfZvwdw=","nmKpCxNc+c9oLJuRW+09BgLUsjDeTw6D0OFSfZvwdw=","nmKpCxNc+c9oLJuRW+09BgLUsjDeTw6D0OFSfZvwdw=","M√©xico","Orgullosa Mexicana, deportista, quiero viajar por el mundo.","","156","161","2020-08-25","en"
"lbaacZLEIieSGDYir9lC9RRQ6eU47L4WCefltaUaivQ=","lbaacZLEIieSGDYir9lC9RRQ6eU47L4WCefltaUaivQ=","lbaacZLEIieSGDYir9lC9RRQ6eU47L4WCefltaUaivQ=","Nezahualc√≥yotl, M√©xico","amigo de los amigos 
fan del rock 
y de el humor acido","","178","294","2020-09-04","es"
"9ZUdgBz8nn8Z2uk6gRZn8ySxZvB62YiYejteTAj1+A=","9ZUdgBz8nn8Z2uk6gRZn8ySxZvB62YiYejteTAj1+A=","9ZUdgBz8nn8Z2uk6gRZn8ySxZvB62YiYejteTAj1+A=","M√©xico","Me gustan grandes.","","3259","2938","2019-11-19","es"
"O2ty5ZlckJRmWWa4N1q45+0WHiKdbZxLSSxSv+xBYw=","O2ty5ZlckJRmWWa4N1q45+0WHiKdbZxLSSxSv+xBYw=","O2ty5ZlckJRmWWa4N1q45+0WHiKdbZxLSSxSv+xBYw=","","","","236","152","2012-07-12","es"
"p2ZLSsbWzH6ZBHo99cxoJIW2srpC8IOZ2LbPKnC7Cuk=","p2ZLSsbWzH6ZBHo99cxoJIW2srpC8IOZ2LbPKnC7Cuk=","p2ZLSsbWzH6ZBHo99cxoJIW2srpC8IOZ2LbPKnC7Cuk=","M√©xico","No solo es vivir, es sentirse vivo.","","211","186","2020-09-25","es"
"Gf7BphVxcY96gf7ukfAWbVarYW2hREV32Zr4uehPII=","Gf7BphVxcY96gf7ukfAWbVarYW2hREV32Zr4uehPII=","Gf7BphVxcY96gf7ukfAWbVarYW2hREV32Zr4uehPII=","","Coste√±o, amante al deporte, de centro.","","31","127","2021-02-24","es"
"Axq8vjrSYqAaJG0tykdfvD9umOcr+8OYWelubcRp4k=","Axq8vjrSYqAaJG0tykdfvD9umOcr+8OYWelubcRp4k=","Axq8vjrSYqAaJG0tykdfvD9umOcr+8OYWelubcRp4k=","","Comunic√≥loga/ Chiapaneca","","775","761","2011-04-11","es"
"motM8EzeRi6v9mM7OtC0GfwTmPS4sAhw8zbCEoY88=","motM8EzeRi6v9mM7OtC0GfwTmPS4sAhw8zbCEoY88=","motM8EzeRi6v9mM7OtC0GfwTmPS4sAhw8zbCEoY88=","","Caballero de la vieja escuela tratando de entender el mundo de hoy.","","403","796","2020-09-08","es"
"SGS1XV2Yjg0MNotXntyT+HQOxb4IlFSEO1RepFiRDxE=","SGS1XV2Yjg0MNotXntyT+HQOxb4IlFSEO1RepFiRDxE=","SGS1XV2Yjg0MNotXntyT+HQOxb4IlFSEO1RepFiRDxE=","","Por y para EXO","","174","156","2021-04-12","en"
"M6oTwgwngOAWPawTruPffraW5MENXrP8TYQhna74qGE=","M6oTwgwngOAWPawTruPffraW5MENXrP8TYQhna74qGE=","M6oTwgwngOAWPawTruPffraW5MENXrP8TYQhna74qGE=","","","","349","170","2021-04-12","en"
"nBlnBFr9IR9+3kgvK8iI200R7tVt+tixi8qvE5rpuc=","nBlnBFr9IR9+3kgvK8iI200R7tVt+tixi8qvE5rpuc=","nBlnBFr9IR9+3kgvK8iI200R7tVt+tixi8qvE5rpuc=","","15 a√±os ‚ú®
Amo el Psytrance ‚ùÑÔ∏è
IG= dereckzt
Facebook= DereckZT","","226","62","2020-11-03","es"
"Usbwj0OD8jjchp3Pg7xe9K8dhILtVgG0ctqJfBI0rFA=","Usbwj0OD8jjchp3Pg7xe9K8dhILtVgG0ctqJfBI0rFA=","Usbwj0OD8jjchp3Pg7xe9K8dhILtVgG0ctqJfBI0rFA=","Mexico","Comunicador Social

M√©xico lindo y querido!","","394","403","2020-06-01","en"
"FeL7N2P3fId7x6gIJy2XGoNmMG20mUvAUyHRg+UNE=","FeL7N2P3fId7x6gIJy2XGoNmMG20mUvAUyHRg+UNE=","FeL7N2P3fId7x6gIJy2XGoNmMG20mUvAUyHRg+UNE=","","La felicidad est√° en ti, aveces solo necesitas a alguien que te ayude a encontrarla üòÅ‚ô•Ô∏è- Batchüáπüá∑üíï","","99","206","2020-06-04","es"
"zhPgd+qRgFqv1raJVEeGYLwCSM4rkKDCp6CkYoeGiA=","zhPgd+qRgFqv1raJVEeGYLwCSM4rkKDCp6CkYoeGiA=","zhPgd+qRgFqv1raJVEeGYLwCSM4rkKDCp6CkYoeGiA=","","","","196","210","2021-04-16","en"
"vlFCjFDbcf1WWU4EnKpkem14F3Ih454Tk1xd7ch35sw=","vlFCjFDbcf1WWU4EnKpkem14F3Ih454Tk1xd7ch35sw=","vlFCjFDbcf1WWU4EnKpkem14F3Ih454Tk1xd7ch35sw=","","Extrovertido, viviendo sin l√≠mites","","616","422","2021-04-10","es"
"YXu9hpMfMa54pHhhqOGEcvMJv02+Vsg2G+YHfy6Iw=","YXu9hpMfMa54pHhhqOGEcvMJv02+Vsg2G+YHfy6Iw=","YXu9hpMfMa54pHhhqOGEcvMJv02+Vsg2G+YHfy6Iw=","","","","0","10","2021-05-08","en"
"DRFO1YkoS2EcSD5tlXvG0WH33JZK3ppU3PqVxJZt8Iw=","DRFO1YkoS2EcSD5tlXvG0WH33JZK3ppU3PqVxJZt8Iw=","DRFO1YkoS2EcSD5tlXvG0WH33JZK3ppU3PqVxJZt8Iw=","M√©xico","En mi mundo viven hadas y dragones, donde los buenos siempre ganan. SIGO DE VUELTA","","560","512","2020-09-05","es"
"Y5Iybrmt7Ht9Mu7Y1uFEea1KKnomkdI1SrhDVp6AAY=","Y5Iybrmt7Ht9Mu7Y1uFEea1KKnomkdI1SrhDVp6AAY=","Y5Iybrmt7Ht9Mu7Y1uFEea1KKnomkdI1SrhDVp6AAY=","","La ignorancia lleva al miedo, el miedo lleva al odio, y el odio lleva a la violencia. Esa es la ecuaci√≥n.","","132","98","2020-06-27","es"
"kNPl7YqZQA2tyQlaD23M0+2v+QYbykMH6fb0VfCRIyQ=","kNPl7YqZQA2tyQlaD23M0+2v+QYbykMH6fb0VfCRIyQ=","kNPl7YqZQA2tyQlaD23M0+2v+QYbykMH6fb0VfCRIyQ=","Venezuela. Caracas","Viva Venezuela!!!","","79","152","2014-07-30","es"
"m14nzrdRBa+AWzWRxO2fe1UfLF3bYMxc+qC9UIl3M2A=","m14nzrdRBa+AWzWRxO2fe1UfLF3bYMxc+qC9UIl3M2A=","m14nzrdRBa+AWzWRxO2fe1UfLF3bYMxc+qC9UIl3M2A=","","Todos estamos locos.

NO DM","","239","499","2020-09-08","es"
"3gcifzY5LADxlPpjEwqikjjtY3qoWw+DfqXbZEYcc=","3gcifzY5LADxlPpjEwqikjjtY3qoWw+DfqXbZEYcc=","3gcifzY5LADxlPpjEwqikjjtY3qoWw+DfqXbZEYcc=","CDMX","19 a√±os de pura diversi√≥n. 
EEPA ‚ù§üíë","","338","492","2020-12-27","es"
"rmmBpqd8WHFYYVq1wgBM2ddbKsfNpacKyGkBDcscJs=","rmmBpqd8WHFYYVq1wgBM2ddbKsfNpacKyGkBDcscJs=","rmmBpqd8WHFYYVq1wgBM2ddbKsfNpacKyGkBDcscJs=","Perdido en Distrito Federal!!","Lo m√°s bonito del mundo es el futbol ‚öΩÔ∏èüèÜüíô‚ù§Ô∏è

#CruzAzul #RealMadrid #PSG üèÜ","https://t.co/SzyTSUKfcT","4545","4032","2010-02-23","es"
"kDdL6w6EXsPcakYAjUCPa+QDyFrB6opTShSXkVyXIJo=","kDdL6w6EXsPcakYAjUCPa+QDyFrB6opTShSXkVyXIJo=","kDdL6w6EXsPcakYAjUCPa+QDyFrB6opTShSXkVyXIJo=","","üëç","","367","14","2021-02-16","es"
"2om6bjt7Sc2C5o+CSAZO6qCDPbAp2URFulqELbo1mE=","2om6bjt7Sc2C5o+CSAZO6qCDPbAp2URFulqELbo1mE=","2om6bjt7Sc2C5o+CSAZO6qCDPbAp2URFulqELbo1mE=","","","","35","43","2013-02-09","es"
"sWIp1V+3mn16FqWzKPXo9gH7rCUWeoh8Ax2Tgkk3HM=","sWIp1V+3mn16FqWzKPXo9gH7rCUWeoh8Ax2Tgkk3HM=","sWIp1V+3mn16FqWzKPXo9gH7rCUWeoh8Ax2Tgkk3HM=","","Iniciando aca en Twitter saluden mucho gusto üò≥ü§ó‚ô•Ô∏è","","50","45","2021-03-05","es"
"yaNaWcPfnZ08Ilgimx8DonT2W2P7Rjvk3p+qJ5rsqCc=","yaNaWcPfnZ08Ilgimx8DonT2W2P7Rjvk3p+qJ5rsqCc=","yaNaWcPfnZ08Ilgimx8DonT2W2P7Rjvk3p+qJ5rsqCc=","","","","0","7","2021-05-07","en"
"yIPMulP++Dn9tQsyX1FFUIu8iGn6Y6AOTmFIvMnGNAM=","yIPMulP++Dn9tQsyX1FFUIu8iGn6Y6AOTmFIvMnGNAM=","yIPMulP++Dn9tQsyX1FFUIu8iGn6Y6AOTmFIvMnGNAM=","Aqu√≠ y all√°...","Vive, ama, disfruta... Hoy te  lo dice una amiga, ma√±ana te lo dir√° la vida.
Bienvenidos a este espacio,  espero y te  guste mi contenido.üòáüìùüìñ‚úåÔ∏èüíú","","514","327","2021-04-10","es"
"U2DydwDxyILFve9VeXw6vmyB7YuJaHS9bDJQ9SO9JPE=","U2DydwDxyILFve9VeXw6vmyB7YuJaHS9bDJQ9SO9JPE=","U2DydwDxyILFve9VeXw6vmyB7YuJaHS9bDJQ9SO9JPE=","Velezuela. Caracas","Viva Venezuela !!!","","166","67","2014-07-29","es"
"R8sxWoKZxKzfdf3v3umobWYsv1gHacyxzFu5tsFU4do=","R8sxWoKZxKzfdf3v3umobWYsv1gHacyxzFu5tsFU4do=","R8sxWoKZxKzfdf3v3umobWYsv1gHacyxzFu5tsFU4do=","Veracruz M√©xico","Simp de Taylor, Harry  y Hoseok.
@jungsarai2000","","735","455","2012-12-09","es"
"cbiyQ7VZOB7w6BbO8GzqmXV52Xxkrk9PegEfoOpiA=","cbiyQ7VZOB7w6BbO8GzqmXV52Xxkrk9PegEfoOpiA=","cbiyQ7VZOB7w6BbO8GzqmXV52Xxkrk9PegEfoOpiA=","","","","438","295","2021-04-10","en"
"3B5NVS65540Wf1sES2pjLqwbzoug8eERW+uvT6LZp4=","3B5NVS65540Wf1sES2pjLqwbzoug8eERW+uvT6LZp4=","3B5NVS65540Wf1sES2pjLqwbzoug8eERW+uvT6LZp4=","","","","693","142","2020-03-07","en"
"g6jYjuak0AmZwhaYBPuCGCfJC0g17qHx5+CM8xrTcTQ=","g6jYjuak0AmZwhaYBPuCGCfJC0g17qHx5+CM8xrTcTQ=","g6jYjuak0AmZwhaYBPuCGCfJC0g17qHx5+CM8xrTcTQ=","","","","0","9","2021-05-08","en"
"KnMLcsebw1iEPtdrqzztqRCoj13OJAufrIn8yzttWY=","KnMLcsebw1iEPtdrqzztqRCoj13OJAufrIn8yzttWY=","KnMLcsebw1iEPtdrqzztqRCoj13OJAufrIn8yzttWY=","","","","387","174","2021-04-10","en"
"Sa2ft+f9COfrmDdEZhlCZQgSzBZOBW6H7+o18UXWjZ0=","Sa2ft+f9COfrmDdEZhlCZQgSzBZOBW6H7+o18UXWjZ0=","Sa2ft+f9COfrmDdEZhlCZQgSzBZOBW6H7+o18UXWjZ0=","Cosoleacaque, Veracruz de Igna","Instagram: karenrodriguez0512
Pinterest: karen rodr√≠guez
Tumblr: https://t.co/mmh1OuRt4w‚Ä¶","https://t.co/bHEX4ygFOf","490","212","2014-11-29","es"
"EyYCOAMQCmpJk6wN6pXSlAakX9WbtEUdEe+2fig3o7Y=","EyYCOAMQCmpJk6wN6pXSlAakX9WbtEUdEe+2fig3o7Y=","EyYCOAMQCmpJk6wN6pXSlAakX9WbtEUdEe+2fig3o7Y=","","","","435","371","2015-11-11","es"
"Bt3p4LUMlt1gimK+hYuH6hJq7cZhHT6vXdAwU9oJEGw=","Bt3p4LUMlt1gimK+hYuH6hJq7cZhHT6vXdAwU9oJEGw=","Bt3p4LUMlt1gimK+hYuH6hJq7cZhHT6vXdAwU9oJEGw=","","Robo plumas, libretas y Libros de mis conocidos.","","511","495","2020-06-18","en"
"yNxfbBM7t1fvfXKKa3JrSiM31L5Be+MOmWSaRwgVBPE=","yNxfbBM7t1fvfXKKa3JrSiM31L5Be+MOmWSaRwgVBPE=","yNxfbBM7t1fvfXKKa3JrSiM31L5Be+MOmWSaRwgVBPE=","","","","0","8","2021-05-08","en"
"tdeeGN6aPHJWS9+BSpqjNazpzO+XoPasSaR1jlfGhk=","tdeeGN6aPHJWS9+BSpqjNazpzO+XoPasSaR1jlfGhk=","tdeeGN6aPHJWS9+BSpqjNazpzO+XoPasSaR1jlfGhk=","","Mis mejores momentos son los que vivo a cada segundo .

 No dmüëΩ","","150","238","2021-03-05","es"
"si+6KzONxdU1D3A5ZfsW6dvZjAy51vOMQh6DQCVdqN8=","si+6KzONxdU1D3A5ZfsW6dvZjAy51vOMQh6DQCVdqN8=","si+6KzONxdU1D3A5ZfsW6dvZjAy51vOMQh6DQCVdqN8=","M√©xico","Me gusta la aventura, y salir con los amigos, fan de las pelis y enamorado de las chicas guapas.","","1074","1332","2018-05-05","es"
"ApU0r1T+l4NJYSPLnS+8KCDy+VcrhcDOw6oLJKabzw=","ApU0r1T+l4NJYSPLnS+8KCDy+VcrhcDOw6oLJKabzw=","ApU0r1T+l4NJYSPLnS+8KCDy+VcrhcDOw6oLJKabzw=","","","","6","7","2021-03-19","en"
"5MA3OwKMA8g+XBvCDdEzsUM8nf0OHgH5FsHI1kAc+d0=","5MA3OwKMA8g+XBvCDdEzsUM8nf0OHgH5FsHI1kAc+d0=","5MA3OwKMA8g+XBvCDdEzsUM8nf0OHgH5FsHI1kAc+d0=","M√©xico","Mexicana con orgullo
Amiga, hija.
Amo la vida y quiero lo mejor para mi Pa√≠s, M√©xico. 
     NO DM","","1939","2507","2018-05-16","es"
"QKnLDS25P4fZB1V9ZaBOO8lUa9tICg87xfCcJ8xJuc=","QKnLDS25P4fZB1V9ZaBOO8lUa9tICg87xfCcJ8xJuc=","QKnLDS25P4fZB1V9ZaBOO8lUa9tICg87xfCcJ8xJuc=","","","","461","44","2021-02-24","en"
"FWpuBegfzcXHqt4xuEZNccu9+MsFR9h5n5hT5i7gZI4=","FWpuBegfzcXHqt4xuEZNccu9+MsFR9h5n5hT5i7gZI4=","FWpuBegfzcXHqt4xuEZNccu9+MsFR9h5n5hT5i7gZI4=","","Horus Elite
M√©xico
25 a√±os","","232","406","2021-02-20","es"
"GsW5tYpT+SgoKWKYaFNRdIaRZ7BD8MZXEsfOBwcm5v4=","GsW5tYpT+SgoKWKYaFNRdIaRZ7BD8MZXEsfOBwcm5v4=","GsW5tYpT+SgoKWKYaFNRdIaRZ7BD8MZXEsfOBwcm5v4=","","","","0","8","2021-05-09","en"
"Ly5NqFE7Oqgspux1h94+qluL94zz6apqhwwbXpiLXy4=","Ly5NqFE7Oqgspux1h94+qluL94zz6apqhwwbXpiLXy4=","Ly5NqFE7Oqgspux1h94+qluL94zz6apqhwwbXpiLXy4=","Venezuela","Vamos con todo!!!!!!!!","","323","186","2010-02-01","es"
"wCXMkI8MKsUyxicuxQNdHlDsdRmzwrqHICAeDXa9l3Q=","wCXMkI8MKsUyxicuxQNdHlDsdRmzwrqHICAeDXa9l3Q=","wCXMkI8MKsUyxicuxQNdHlDsdRmzwrqHICAeDXa9l3Q=","","Cementerio de estrellas.","","603","591","2020-06-18","en"
"MiJqeZqQKQdKbu4q05i3rEucwOB6l0Tj3jiYG+YpXAg=","MiJqeZqQKQdKbu4q05i3rEucwOB6l0Tj3jiYG+YpXAg=","MiJqeZqQKQdKbu4q05i3rEucwOB6l0Tj3jiYG+YpXAg=","","divertirme","","483","178","2021-04-07","en"
"FuVJurGkL3htH6PT7huvZ8DvqtDh7rA0hWN4WL5pKII=","FuVJurGkL3htH6PT7huvZ8DvqtDh7rA0hWN4WL5pKII=","FuVJurGkL3htH6PT7huvZ8DvqtDh7rA0hWN4WL5pKII=","M√©xico","","","714","349","2021-02-19","es"
"S8PE1fd3b1zsqMGyTEl27YGJRHdL0tf+G2YI9bEU2Xg=","S8PE1fd3b1zsqMGyTEl27YGJRHdL0tf+G2YI9bEU2Xg=","S8PE1fd3b1zsqMGyTEl27YGJRHdL0tf+G2YI9bEU2Xg=","","DID YOU GET THE SENSATION TODAY?üëëüåø","","610","194","2020-01-26","es"
"TJpkHO06M3Cb+9Mtbt5yecuprQHpXy34CNW7WW6tjU=","TJpkHO06M3Cb+9Mtbt5yecuprQHpXy34CNW7WW6tjU=","TJpkHO06M3Cb+9Mtbt5yecuprQHpXy34CNW7WW6tjU=","","smile ü§°","","72","73","2021-03-02","es"
"4PKnQQded79acqfxgc9dv9lOy1WpTHGQ7snY+B4taM=","4PKnQQded79acqfxgc9dv9lOy1WpTHGQ7snY+B4taM=","4PKnQQded79acqfxgc9dv9lOy1WpTHGQ7snY+B4taM=","","distraida por naturaleza","","134","130","2020-09-17","es"
"jOnBo+X801NO0agFrlXiLirxxHUvNSvR82aOoSl5gA=","jOnBo+X801NO0agFrlXiLirxxHUvNSvR82aOoSl5gA=","jOnBo+X801NO0agFrlXiLirxxHUvNSvR82aOoSl5gA=","M√©xico","En construcci√≥n","","432","396","2020-09-05","es"
"6FVOHhLVrOm354f3QagiXAD61ULgk4XIL6cXTreg=","6FVOHhLVrOm354f3QagiXAD61ULgk4XIL6cXTreg=","6FVOHhLVrOm354f3QagiXAD61ULgk4XIL6cXTreg=","","","","321","292","2020-09-24","es"
"7YZmt4hfN8+4DH+qdqOUnwghNnR2mvhlL6OeROcc=","7YZmt4hfN8+4DH+qdqOUnwghNnR2mvhlL6OeROcc=","7YZmt4hfN8+4DH+qdqOUnwghNnR2mvhlL6OeROcc=","Venezuela Libre","Ch√°vez te amo!!!","","268","111","2009-11-06","es"
"o3Lo5HIXPF7p1mzCkJT8dM5CXkiaWGwuQz4eRtc8XQ=","o3Lo5HIXPF7p1mzCkJT8dM5CXkiaWGwuQz4eRtc8XQ=","o3Lo5HIXPF7p1mzCkJT8dM5CXkiaWGwuQz4eRtc8XQ=","","","","10","14","2021-03-20","en"
"4cGNvrUTAvXnGDxhpXzNjVGS8kTVIxWfhlwSdJc20aU=","4cGNvrUTAvXnGDxhpXzNjVGS8kTVIxWfhlwSdJc20aU=","4cGNvrUTAvXnGDxhpXzNjVGS8kTVIxWfhlwSdJc20aU=","","las noticias mas actuales","","634","269","2018-05-16","es"
"LobGa0T4G4QT4DMcUosS9ISZ75D9oNMLqijJTbgnqis=","LobGa0T4G4QT4DMcUosS9ISZ75D9oNMLqijJTbgnqis=","LobGa0T4G4QT4DMcUosS9ISZ75D9oNMLqijJTbgnqis=","","Soy lo que soy üòõ","","70","67","2021-02-21","en"
"YWrtBDFr7yl08Icykwlyw5trE6exr2n6wysrxHz3M=","YWrtBDFr7yl08Icykwlyw5trE6exr2n6wysrxHz3M=","YWrtBDFr7yl08Icykwlyw5trE6exr2n6wysrxHz3M=","Neiva, Colombia","Amante a los deportes, A la Vida y la M√∫sica.","","27","71","2017-10-29","es"
"XnY5gTbBx9Ck97wrQK55Gl0ChMG+M0fC38+J60XCjYg=","XnY5gTbBx9Ck97wrQK55Gl0ChMG+M0fC38+J60XCjYg=","XnY5gTbBx9Ck97wrQK55Gl0ChMG+M0fC38+J60XCjYg=","Cuauht√©moc, Distrito Federal","","","221","9","2021-02-21","en"
"uvysCQ47yz3Ptoyi63ofqDjxrSrqFsgsZkx25wZLSY=","uvysCQ47yz3Ptoyi63ofqDjxrSrqFsgsZkx25wZLSY=","uvysCQ47yz3Ptoyi63ofqDjxrSrqFsgsZkx25wZLSY=","TCS ‚Ä¢ She/her","#THECHAINSMOKERS : You Know, Just Know What I Like","https://t.co/pYD1mBzgBU","1058","927","2020-06-17","es"
"codR6fE2l5hZZsLhblP63gjErLTkpfNzOBN6ctIkhTI=","codR6fE2l5hZZsLhblP63gjErLTkpfNzOBN6ctIkhTI=","codR6fE2l5hZZsLhblP63gjErLTkpfNzOBN6ctIkhTI=","Bogot√°, D.C., Colombia","Amante del buen f√∫tbol, la M√∫sica y el Cine. No me importa lo que t√∫ pienses de m√≠, Con lo que yo pienso es suficiente.","","39","75","2017-10-09","es"
"k9ij+K6FHIRhy5wc0yH2O56zJ+ECw4VCnqarodRLEIA=","k9ij+K6FHIRhy5wc0yH2O56zJ+ECw4VCnqarodRLEIA=","k9ij+K6FHIRhy5wc0yH2O56zJ+ECw4VCnqarodRLEIA=","M√©xico","Recuperandome de una caida, como siempre y para no perder la costumbre....","","648","493","2019-04-17","es"
"cOfA1bVVGOCC0+DI2TJkyRpGSMSvX5Cf4RVpH2m1EPI=","cOfA1bVVGOCC0+DI2TJkyRpGSMSvX5Cf4RVpH2m1EPI=","cOfA1bVVGOCC0+DI2TJkyRpGSMSvX5Cf4RVpH2m1EPI=","M√©xico","No a las injusticias.","","1035","1003","2020-09-08","es"
"biz8trSBEvOOiB9MRDMc7d5b4UGS7Y2eb1mX3dXFeU=","biz8trSBEvOOiB9MRDMc7d5b4UGS7Y2eb1mX3dXFeU=","biz8trSBEvOOiB9MRDMc7d5b4UGS7Y2eb1mX3dXFeU=","Venezuela","","","1","10","2014-03-07","es"
"1291059083064287233","¬øPor qu√© es Tendencia?","mxestendencia","Xalapa, Veracruz de Ignacio de","¬øQu√© est√° pasando en @TwitterMexico? Cuenta creada y administrada por @mxestendencia. contacto@estendencia.mx","https://t.co/1cvs84btF5","12435","0","2020-08-05","es"
"vYTRtKqtMlhVkPxSlzVx+5Xntri5U8GUux9QUCDmyo=","vYTRtKqtMlhVkPxSlzVx+5Xntri5U8GUux9QUCDmyo=","vYTRtKqtMlhVkPxSlzVx+5Xntri5U8GUux9QUCDmyo=","Ever Dreams","CAT LOVER 

Soy el resultado de lo que fu√≠ alguna vez ...","","2128","1891","2020-09-03","es"
"ly+PPesrR6rnR+y5cjSAyG2V5odbhD6sxtloda4ZG2E=","ly+PPesrR6rnR+y5cjSAyG2V5odbhD6sxtloda4ZG2E=","ly+PPesrR6rnR+y5cjSAyG2V5odbhD6sxtloda4ZG2E=","","Mexico","","465","958","2021-02-18","es"
"SnJqx2sPt0yx6vW8V2xOjzcGpYlDiHpR5qvsgb3R3M=","SnJqx2sPt0yx6vW8V2xOjzcGpYlDiHpR5qvsgb3R3M=","SnJqx2sPt0yx6vW8V2xOjzcGpYlDiHpR5qvsgb3R3M=","M√©xico","Motos, ska y rock.

En contra de la oligarqu√≠a.

Biker.","","742","948","2020-08-19","es"
"X6xRJH81sULVbrbYvAL3Mol4rjf7H26LBJfZNUYP6M=","X6xRJH81sULVbrbYvAL3Mol4rjf7H26LBJfZNUYP6M=","X6xRJH81sULVbrbYvAL3Mol4rjf7H26LBJfZNUYP6M=","Ixtapaluca, Edo. De M√©x.","ü¶àüíú","https://t.co/VisP0mL0zb","869","485","2011-08-31","es"
"aXZ4Hr45Bwmmdc+FQp0XkG1LLMsAVpdiLYvuIMmOkY=","aXZ4Hr45Bwmmdc+FQp0XkG1LLMsAVpdiLYvuIMmOkY=","aXZ4Hr45Bwmmdc+FQp0XkG1LLMsAVpdiLYvuIMmOkY=","Venezuela. Caracas","Artesana Patriota lista a seguir el legado del Gigante Ch√°vez y en pie de lucha con Maduro. #PetroElFuturoEsHoy","","130","133","2014-07-28","es"
"laDmcAkLeEHTMMTFMKih2indgVAQ+bLRAud9o9by4=","laDmcAkLeEHTMMTFMKih2indgVAQ+bLRAud9o9by4=","laDmcAkLeEHTMMTFMKih2indgVAQ+bLRAud9o9by4=","M√©xico","Nuestra personalidad tambi√©n hace vibrar todo el tejido con relaci√≥n a los dem√°s. Uno no se equivoca sobre si mismo sin enga√±arse respecto a los otrosüòâ ~NoDM~","","1515","1705","2018-02-23","en"
"sB7C5+LDEBToqPqSioy0tz1XQLiw4kQVx6t6PMO2A=","sB7C5+LDEBToqPqSioy0tz1XQLiw4kQVx6t6PMO2A=","sB7C5+LDEBToqPqSioy0tz1XQLiw4kQVx6t6PMO2A=","Valledupar, Colombia","Hincha del JUNIOR 
Amante a la M√∫sica
Fresco de la Vida.","","36","81","2017-11-12","es"
"S3DpuA4n0ctDoTNm0NmzESKp6daeU8GgQZQ40+Tghg=","S3DpuA4n0ctDoTNm0NmzESKp6daeU8GgQZQ40+Tghg=","S3DpuA4n0ctDoTNm0NmzESKp6daeU8GgQZQ40+Tghg=","","Las frases siempre van dirigidas a alguien.","","401","208","2021-04-09","en"
"SBPHDkNS8zmn7tqXbPoRVGHNnhb3E7QUtYkbMvMhmo=","SBPHDkNS8zmn7tqXbPoRVGHNnhb3E7QUtYkbMvMhmo=","SBPHDkNS8zmn7tqXbPoRVGHNnhb3E7QUtYkbMvMhmo=","M√©xico","En esta cuenta se ama entre estrellas","","421","24","2012-07-03","es"
"CWLl6OBPG7uMyRno4W+uGeE7L4cK+5hR7tvNbnvJAA=","CWLl6OBPG7uMyRno4W+uGeE7L4cK+5hR7tvNbnvJAA=","CWLl6OBPG7uMyRno4W+uGeE7L4cK+5hR7tvNbnvJAA=","M√©xico","Hija, amiga, hermana de aventuras.
Amo la vida y a mi familia.","","881","940","2018-05-06","es"
"v9fliIh6bqOamUDDnwrH2g3oUyzGBDsTSQ6eCOjfY=","v9fliIh6bqOamUDDnwrH2g3oUyzGBDsTSQ6eCOjfY=","v9fliIh6bqOamUDDnwrH2g3oUyzGBDsTSQ6eCOjfY=","","","","0","3","2021-05-07","en"
"TwtmHgUryCG5jRuW5HI2vgtqAZ3C05El+SPdFiQ1tvU=","TwtmHgUryCG5jRuW5HI2vgtqAZ3C05El+SPdFiQ1tvU=","TwtmHgUryCG5jRuW5HI2vgtqAZ3C05El+SPdFiQ1tvU=","T√°chira, Venezuela","‚ÄúMilito en el bando de los impacientes, de los q siempre presionan para q las cosas se hagan, de los q muchas veces tratan de hacer m√°s de lo q se puede‚Äù","","193","241","2014-07-10","es"
"zSXWHQ4OfmRWWr11omBiKWureddDTKCJcxAX6aqEIrE=","zSXWHQ4OfmRWWr11omBiKWureddDTKCJcxAX6aqEIrE=","zSXWHQ4OfmRWWr11omBiKWureddDTKCJcxAX6aqEIrE=","M√©xico","ùêÇùêÑùêé ùêûùêß ùêüùê´ùêöùê¨ùêûùê¨ ùêùùêû ùê≠ùê®ùêùùê® ùê≠ùê¢ùê©ùê®‚ú®","","700","294","2020-05-09","es"
"ipjz2rDxDbodnKOc0E5DCvSfGbKD4hfvFFJJFRt8yfE=","ipjz2rDxDbodnKOc0E5DCvSfGbKD4hfvFFJJFRt8yfE=","ipjz2rDxDbodnKOc0E5DCvSfGbKD4hfvFFJJFRt8yfE=","","","https://t.co/74lqU3UZG7","362","218","2018-04-13","es"
"4gISmfg4QvCxhz0WXR8JupP3nkyGfTvY407+909jUno=","4gISmfg4QvCxhz0WXR8JupP3nkyGfTvY407+909jUno=","4gISmfg4QvCxhz0WXR8JupP3nkyGfTvY407+909jUno=","Venezuela","‚ÄúConstruir la unidad del pueblo para construir la Patria Grande y el socialismo‚Äù #VenezuelaTriunfaEnPaz","","164","73","2010-03-05","es"
"zyoziQvOeSAm56JSMOtjpjKz0FC+ZD49eRGqEWyMKc=","zyoziQvOeSAm56JSMOtjpjKz0FC+ZD49eRGqEWyMKc=","zyoziQvOeSAm56JSMOtjpjKz0FC+ZD49eRGqEWyMKc=","","¬´No duden frente al enemigo. No tengan miedo de que sus cuerpos sean despedazados; para los caballeros, la muerte no existe. El alma de los caballeros brillar√°","","559","731","2021-02-28","es"
"KV7jEN3MW82WAvS4rOMHBJpK564TcssotM7mlYhrdY=","KV7jEN3MW82WAvS4rOMHBJpK564TcssotM7mlYhrdY=","KV7jEN3MW82WAvS4rOMHBJpK564TcssotM7mlYhrdY=","Chihuahua ","antichairos s√≠gueme y te sigo","","642","761","2019-11-10","es"
"omUTzGi7BAcdr6cwk6Oau1ilOmkYI+uKlm47HS4M8U=","omUTzGi7BAcdr6cwk6Oau1ilOmkYI+uKlm47HS4M8U=","omUTzGi7BAcdr6cwk6Oau1ilOmkYI+uKlm47HS4M8U=","","","","264","308","2020-09-08","es"
"uwzNIKwSWE5pRxMSTqDe+GntLv1Sng1eX5kG1yoX4Yw=","uwzNIKwSWE5pRxMSTqDe+GntLv1Sng1eX5kG1yoX4Yw=","uwzNIKwSWE5pRxMSTqDe+GntLv1Sng1eX5kG1yoX4Yw=","CDMX                  Te sigue","","","151","14","2020-12-24","es"
"1303435004576518150","David","Versatico_","Puebla, M√©xico","Escribiendo...","","8194","4898","2020-09-08","en"
"KDhEhVBptQzw8v3oA2GCaDHkK4cJ3UT6K37UlF+kThw=","KDhEhVBptQzw8v3oA2GCaDHkK4cJ3UT6K37UlF+kThw=","KDhEhVBptQzw8v3oA2GCaDHkK4cJ3UT6K37UlF+kThw=","","Que bonito es el d√≠a espero que todos en el mundo tengan un bonito d√≠a","","4","9","2020-03-26","es"
"odT1HxijWZVkZpp2RcTceUVuZIx9EkdNEIOLstobp6E=","odT1HxijWZVkZpp2RcTceUVuZIx9EkdNEIOLstobp6E=","odT1HxijWZVkZpp2RcTceUVuZIx9EkdNEIOLstobp6E=","","Cosas y m√°s.","","403","230","2021-04-09","en"
"SvxZbg2DlXcWKvyg63OKHnBI32STDrPSQSQVWdO7BEA=","SvxZbg2DlXcWKvyg63OKHnBI32STDrPSQSQVWdO7BEA=","SvxZbg2DlXcWKvyg63OKHnBI32STDrPSQSQVWdO7BEA=","","Debemos parecer personas, ¬øpero y si somos patos? Siempre migrando.","","351","345","2020-08-28","es"
"Lgq653h6UQ4iUx2rNT2eGKUqHBfYXTR3tXTi69kuXw=","Lgq653h6UQ4iUx2rNT2eGKUqHBfYXTR3tXTi69kuXw=","Lgq653h6UQ4iUx2rNT2eGKUqHBfYXTR3tXTi69kuXw=","","","","330","39","2014-10-11","es"
"bgJayTOPBY6hU7hKKZ2Jk3i7dkTT1GB7TBwazqiMWM=","bgJayTOPBY6hU7hKKZ2Jk3i7dkTT1GB7TBwazqiMWM=","bgJayTOPBY6hU7hKKZ2Jk3i7dkTT1GB7TBwazqiMWM=","","","","174","57","2010-03-07","es"
"LGk1szKDFLSDrbH3s2hd2CowdpvjIhy6q4xniwotr0=","LGk1szKDFLSDrbH3s2hd2CowdpvjIhy6q4xniwotr0=","LGk1szKDFLSDrbH3s2hd2CowdpvjIhy6q4xniwotr0=","","üåª","","547","231","2021-03-20","en"
"Bxhvnso90tAwVfQygfOQP2FkBOXeghrVMCBVsk2AXp4=","Bxhvnso90tAwVfQygfOQP2FkBOXeghrVMCBVsk2AXp4=","Bxhvnso90tAwVfQygfOQP2FkBOXeghrVMCBVsk2AXp4=","","El placer  de vivir es descubrir nuevas cosas.","","113","499","2021-04-06","en"
"A6nIAHPZcgshTe4OtyXAqLbFRF+cntUCJ8FHszGqBZ8=","A6nIAHPZcgshTe4OtyXAqLbFRF+cntUCJ8FHszGqBZ8=","A6nIAHPZcgshTe4OtyXAqLbFRF+cntUCJ8FHszGqBZ8=","","ü¶ã","","394","128","2021-04-09","en"
"Mgczf4fwC78Pk7orVYgZnsCsIy+2Jk8vGwL0bSjJx8=","Mgczf4fwC78Pk7orVYgZnsCsIy+2Jk8vGwL0bSjJx8=","Mgczf4fwC78Pk7orVYgZnsCsIy+2Jk8vGwL0bSjJx8=","","No hay nada mejor que disfrutar lo que la naturaleza nos brinda","","179","278","2021-02-27","es"
"2PtXDR+Nb4W7oIYNSYaz+e+KzEBWKf1vV3MpxDaYIqo=","2PtXDR+Nb4W7oIYNSYaz+e+KzEBWKf1vV3MpxDaYIqo=","2PtXDR+Nb4W7oIYNSYaz+e+KzEBWKf1vV3MpxDaYIqo=","","","","0","9","2021-05-08","en"
"Cp8JfJ9GSRVZTZeJ0eIn+cIHoZ1bw8Sbd6S+yK6R+4=","Cp8JfJ9GSRVZTZeJ0eIn+cIHoZ1bw8Sbd6S+yK6R+4=","Cp8JfJ9GSRVZTZeJ0eIn+cIHoZ1bw8Sbd6S+yK6R+4=","","Espacio para apreciar a los hombres m√°s guapos de la far√°ndula .



S√≠guenos y se parte de esta comunidad.","","185","193","2020-12-14","es"
"MHOpxNpZOEJZmhPzkyNGvSrD8c0lxMLZcfLT9JI9I=","MHOpxNpZOEJZmhPzkyNGvSrD8c0lxMLZcfLT9JI9I=","MHOpxNpZOEJZmhPzkyNGvSrD8c0lxMLZcfLT9JI9I=","","","","0","9","2021-05-07","en"
"Y3jFHYU9qSB1AmQVedzIGAKFEIgaKn3zKD5fubgkFKQ=","Y3jFHYU9qSB1AmQVedzIGAKFEIgaKn3zKD5fubgkFKQ=","Y3jFHYU9qSB1AmQVedzIGAKFEIgaKn3zKD5fubgkFKQ=","Distrito Federal, M√©xico","","","251","110","2020-01-30","en"
"Eqyd6lnN34CnN5c3i+3CHQ7eLrxKzLMzWel7nt6NCYg=","Eqyd6lnN34CnN5c3i+3CHQ7eLrxKzLMzWel7nt6NCYg=","Eqyd6lnN34CnN5c3i+3CHQ7eLrxKzLMzWel7nt6NCYg=","","","","0","13","2021-05-04","en"
"qXwOiuzbHRHRdTvsQfbPf2RXnmbjKnChbXblV3nRtaQ=","qXwOiuzbHRHRdTvsQfbPf2RXnmbjKnChbXblV3nRtaQ=","qXwOiuzbHRHRdTvsQfbPf2RXnmbjKnChbXblV3nRtaQ=","","hola mundo virtual","","79","80","2020-10-04","es"
"Y+WaL2j6L5UgxTu93AbCTASkideFZcyiFSKAMTpnw=","Y+WaL2j6L5UgxTu93AbCTASkideFZcyiFSKAMTpnw=","Y+WaL2j6L5UgxTu93AbCTASkideFZcyiFSKAMTpnw=","","","","408","245","2021-04-07","en"
"WrcCT0W69RdhONvjMch7Eyze7S7U2uQi8pEPfszNkU=","WrcCT0W69RdhONvjMch7Eyze7S7U2uQi8pEPfszNkU=","WrcCT0W69RdhONvjMch7Eyze7S7U2uQi8pEPfszNkU=","Ever dreams","‚û°Ô∏èNo DM‚¨ÖÔ∏è","","442","415","2017-08-19","es"
"r22Y0Qwz69n2EeBRwYWEVLGD+E1WKzc04J6xLe8k=","r22Y0Qwz69n2EeBRwYWEVLGD+E1WKzc04J6xLe8k=","r22Y0Qwz69n2EeBRwYWEVLGD+E1WKzc04J6xLe8k=","","No midas tu riqueza por el dinero que tienes, m√≠dela por aquellas cosa que tienes y que no cambiarias por dinero. #PetroEsPotenciaEcon√≥mica","","133","47","2010-03-06","es"
"ncRbqdxHQIR50rTmWUS7M1BkHR1lhnBgI7j5jDZKJFc=","ncRbqdxHQIR50rTmWUS7M1BkHR1lhnBgI7j5jDZKJFc=","ncRbqdxHQIR50rTmWUS7M1BkHR1lhnBgI7j5jDZKJFc=","","","","337","764","2012-03-01","es"
"Jg556UDgA56jDA8gSuGqrFlPGpaI7fW9W5MNPL1vrEA=","Jg556UDgA56jDA8gSuGqrFlPGpaI7fW9W5MNPL1vrEA=","Jg556UDgA56jDA8gSuGqrFlPGpaI7fW9W5MNPL1vrEA=","","P√≥ngale una base de doble tempo para que la ni√±ita gane","","152","131","2020-10-07","es"
"lW2NUeWFzrZO9VfGtzmkfRZXktGX0YE9tN9NNLgVqo=","lW2NUeWFzrZO9VfGtzmkfRZXktGX0YE9tN9NNLgVqo=","lW2NUeWFzrZO9VfGtzmkfRZXktGX0YE9tN9NNLgVqo=","CDMX ","parody/fake","","222","105","2020-09-08","es"
"osglNvPMll1x1L6GiUv3jcqRhTaCqGoyLcX89aO6210=","osglNvPMll1x1L6GiUv3jcqRhTaCqGoyLcX89aO6210=","osglNvPMll1x1L6GiUv3jcqRhTaCqGoyLcX89aO6210=","","sonr√≠e a la vida","","43","52","2021-03-01","es"
"iiCPPOT+H8Womn6jYLqif3bsno8SeZbM0sXK2c+7A3w=","iiCPPOT+H8Womn6jYLqif3bsno8SeZbM0sXK2c+7A3w=","iiCPPOT+H8Womn6jYLqif3bsno8SeZbM0sXK2c+7A3w=","Caracas, Venezuela","Venezolana bella que ama a su Patria Grande y a Ch√°vez...","http://t.co/AfSYy7PubA","188","129","2012-07-31","es"
"PRwI59Hr21N0KaeaUuARirFyd5n8Z8CjAsNNmnTbvzM=","PRwI59Hr21N0KaeaUuARirFyd5n8Z8CjAsNNmnTbvzM=","PRwI59Hr21N0KaeaUuARirFyd5n8Z8CjAsNNmnTbvzM=","CDMX","mini mini streamer jeje 
s√≠ganme en twitch como : lu1spb","https://t.co/1kOwFdcjIB","129","111","2016-06-23","es"
"+eYP0V4xwetYUGICNvgjqPHvkM5B9m31kfm3XAoNgcA=","+eYP0V4xwetYUGICNvgjqPHvkM5B9m31kfm3XAoNgcA=","+eYP0V4xwetYUGICNvgjqPHvkM5B9m31kfm3XAoNgcA=","","","","498","237","2021-03-25","en"
"UiG0mLkQFDA+CEo+f2UxxetRTdQ43fIVt0FjE3vjVO0=","UiG0mLkQFDA+CEo+f2UxxetRTdQ43fIVt0FjE3vjVO0=","UiG0mLkQFDA+CEo+f2UxxetRTdQ43fIVt0FjE3vjVO0=","","","","0","13","2021-05-08","en"
"A9SUD2Qdpf41sdkd6YI8kIftM4gczdIeN7hMp8wuYA=","A9SUD2Qdpf41sdkd6YI8kIftM4gczdIeN7hMp8wuYA=","A9SUD2Qdpf41sdkd6YI8kIftM4gczdIeN7hMp8wuYA=","M√©xico","La vida es bella!
M√©xico","","520","655","2020-06-01","es"
"xF3zpmQd5pwzTMJGa1EoE9rjwtX1UOawuKqdqB0fcoo=","xF3zpmQd5pwzTMJGa1EoE9rjwtX1UOawuKqdqB0fcoo=","xF3zpmQd5pwzTMJGa1EoE9rjwtX1UOawuKqdqB0fcoo=","","Soy fan de mi misma!","","198","201","2020-10-06","es"
"sBiE9tuZxDua0IHqv2frjT4ia5VKFqH8mB3beDowDA=","sBiE9tuZxDua0IHqv2frjT4ia5VKFqH8mB3beDowDA=","sBiE9tuZxDua0IHqv2frjT4ia5VKFqH8mB3beDowDA=","","La vida es para gozarla","","441","10","2021-03-01","en"
"+XOFWWowJYz0G61f0wJGmj157VDE4EY7wyapgs3oNqk=","+XOFWWowJYz0G61f0wJGmj157VDE4EY7wyapgs3oNqk=","+XOFWWowJYz0G61f0wJGmj157VDE4EY7wyapgs3oNqk=","","quiero conocer gente cool","","77","75","2021-04-01","es"
"KkiIvRsuTpQJLgrJt40DpdOtu+X7fic6z2hrsAFlM=","KkiIvRsuTpQJLgrJt40DpdOtu+X7fic6z2hrsAFlM=","KkiIvRsuTpQJLgrJt40DpdOtu+X7fic6z2hrsAFlM=","","","","0","13","2021-05-08","en"
"mo8+bY8MkMMpqHp5E0Vx1RXbL6tePlN84fBdH+SZDnA=","mo8+bY8MkMMpqHp5E0Vx1RXbL6tePlN84fBdH+SZDnA=","mo8+bY8MkMMpqHp5E0Vx1RXbL6tePlN84fBdH+SZDnA=","","Instagram: valentinadavalosm","https://t.co/xQAWABO90o","1928","859","2011-09-25","es"
"SVy0NZQrCAqd5hl1v0E11WUgfxLVfgJifyGEdLVQCk=","SVy0NZQrCAqd5hl1v0E11WUgfxLVfgJifyGEdLVQCk=","SVy0NZQrCAqd5hl1v0E11WUgfxLVfgJifyGEdLVQCk=","","Piscis, Soltero. #ILoveMexico","","317","473","2020-06-01","en"
"qcjWUHYSNYlRlOdaaeyC7NM1MKxqReZ2914qdG2O5xc=","qcjWUHYSNYlRlOdaaeyC7NM1MKxqReZ2914qdG2O5xc=","qcjWUHYSNYlRlOdaaeyC7NM1MKxqReZ2914qdG2O5xc=","M√©xico","Si no entiende el sarcasmo no venga a joderüôÑ","","829","777","2020-09-05","es"
"y3LIms964jM1YWEy7B2li9bfbbcCZ7KlJgqWtvl+wes=","y3LIms964jM1YWEy7B2li9bfbbcCZ7KlJgqWtvl+wes=","y3LIms964jM1YWEy7B2li9bfbbcCZ7KlJgqWtvl+wes=","","Nada en especial.","","596","359","2021-03-25","es"
"WlLTXseBoBomhxlIxt8Xhktu89JE5uqBucsPcTtDB4=","WlLTXseBoBomhxlIxt8Xhktu89JE5uqBucsPcTtDB4=","WlLTXseBoBomhxlIxt8Xhktu89JE5uqBucsPcTtDB4=","Carabobo, Venezuela","Rumbo a la Gran Victoria del 7-O","http://t.co/GYW77ak108","315","245","2012-06-22","es"
"973183736","Joseph","SoyJosephRobles","M√©xico","‚ù§IURD - Especialista en #MarketingDigital Control de crisis, an√°lisis y planificaci√≥n de campa√±as, transformaci√≥n digital #SEO #SocialMedia üá≤üáΩ","https://t.co/kfjuIqyDlF","141490","40212","2012-11-27","es"
"NPVZQ4v47wFcUjyGCm9DUUYYi6iBZgz8ijE9CrHyn4=","NPVZQ4v47wFcUjyGCm9DUUYYi6iBZgz8ijE9CrHyn4=","NPVZQ4v47wFcUjyGCm9DUUYYi6iBZgz8ijE9CrHyn4=","","amix de los felin@s.","","720","158","2021-03-21","en"
"YOokrK6LsdnbOtsSMh+rMIcHSzIzPwbhRBX81v4WHA0=","YOokrK6LsdnbOtsSMh+rMIcHSzIzPwbhRBX81v4WHA0=","YOokrK6LsdnbOtsSMh+rMIcHSzIzPwbhRBX81v4WHA0=","","Moralmente no correcto","","3","8","2021-04-05","en"
"4qnYIzmiGY9TZm3xQFUdT1OnDbqI95iLoRoTm53YuPA=","4qnYIzmiGY9TZm3xQFUdT1OnDbqI95iLoRoTm53YuPA=","4qnYIzmiGY9TZm3xQFUdT1OnDbqI95iLoRoTm53YuPA=","ciudad de M√©xico","Nada en la vida debe temerse, solo debe ser entendida. Ahora es el momento de comprender m√°s, para que podamos temer menos. ‚Äãüß¨ü¶†üî¨","https://t.co/wlR1B0EBFX","714","191","2021-02-19","es"
"McTOV5J33O2IzdLygagM50IdB34Ijedy2rwwZUYs=","McTOV5J33O2IzdLygagM50IdB34Ijedy2rwwZUYs=","McTOV5J33O2IzdLygagM50IdB34Ijedy2rwwZUYs=","","Las aventuras de un Olisqueador Profesional. ¬øTe digo a qu√© hueles?","","561","543","2020-06-18","es"
"DVb+P9JVcuFkmpSU3JZnWnlAN5Eltt7KM2u4uhGxc=","DVb+P9JVcuFkmpSU3JZnWnlAN5Eltt7KM2u4uhGxc=","DVb+P9JVcuFkmpSU3JZnWnlAN5Eltt7KM2u4uhGxc=","","follow x follow","","230","208","2019-08-21","es"
"frxypAdCsHsW819XfpEfQflh+cMPtlzrVxKJrU4rvGM=","frxypAdCsHsW819XfpEfQflh+cMPtlzrVxKJrU4rvGM=","frxypAdCsHsW819XfpEfQflh+cMPtlzrVxKJrU4rvGM=","M√©xico","Tweets culeros
Tweets robados","","709","307","2010-10-25","es"
"8ndHdOPwtT6wqj0QdCLBDToK+cuueoOynuTrmj+gFwg=","8ndHdOPwtT6wqj0QdCLBDToK+cuueoOynuTrmj+gFwg=","8ndHdOPwtT6wqj0QdCLBDToK+cuueoOynuTrmj+gFwg=","","","","262","68","2020-05-19","en"
"GMdnCCj0ovw54XCsyAXXrMUur55iJxSBcApefxq+4Oc=","GMdnCCj0ovw54XCsyAXXrMUur55iJxSBcApefxq+4Oc=","GMdnCCj0ovw54XCsyAXXrMUur55iJxSBcApefxq+4Oc=","","Only One Direction and EXO","","402","158","2021-03-11","en"
"WEvqIhHVRltYuw6F3nKW4WXr2iF+p3Zl+G9E+2LTEI=","WEvqIhHVRltYuw6F3nKW4WXr2iF+p3Zl+G9E+2LTEI=","WEvqIhHVRltYuw6F3nKW4WXr2iF+p3Zl+G9E+2LTEI=","","me gusta leer","","390","194","2021-04-09","en"
"8WGv50wTQZL2BkX9VD14dIzS+7kkGa560D51+9kXeVA=","8WGv50wTQZL2BkX9VD14dIzS+7kkGa560D51+9kXeVA=","8WGv50wTQZL2BkX9VD14dIzS+7kkGa560D51+9kXeVA=","","","","281","252","2012-06-13","es"
"w6Y5ew9nJtRYmGtBdIlHy1b60menobCnyPwvG+pVWtE=","w6Y5ew9nJtRYmGtBdIlHy1b60menobCnyPwvG+pVWtE=","w6Y5ew9nJtRYmGtBdIlHy1b60menobCnyPwvG+pVWtE=","Bogot√°, D.C., Colombia","Extrovertida, amigable, y un poco odiosa.
Amo el chisme y la far√°ndula..!üòö Amo Mi JUNIOR.","","151","142","2017-10-13","es"
"ywi3PmJSF2ZoHMRqBMbyCWGjm10CnBvsNNwog+teGw=","ywi3PmJSF2ZoHMRqBMbyCWGjm10CnBvsNNwog+teGw=","ywi3PmJSF2ZoHMRqBMbyCWGjm10CnBvsNNwog+teGw=","","Se aprende mas de los errores","","236","77","2021-01-19","es"
"1353545225034199040","¬øSab√≠as qu√©?","DatoAsombros0","PUBLICIDAD AL DM.","Los datos m√°s asombrosos de twitter. Aportes al dm.","","17107","4","2021-01-25","en"
"Y5iLIxFYW9W+KJztYRa4drkZUQcyHtgwxX3WMk8vMs=","Y5iLIxFYW9W+KJztYRa4drkZUQcyHtgwxX3WMk8vMs=","Y5iLIxFYW9W+KJztYRa4drkZUQcyHtgwxX3WMk8vMs=","","","","0","13","2021-05-06","en"
"GuphTdI0MYFpcGa88hZooJTJJ5uC1vG1GOPQTPK+u0=","GuphTdI0MYFpcGa88hZooJTJJ5uC1vG1GOPQTPK+u0=","GuphTdI0MYFpcGa88hZooJTJJ5uC1vG1GOPQTPK+u0=","Monterrey, Nuevo Le√≥n","Arquitectura 
Amigo de coraz√≥n y enemigo de quien me hace da√±o. Lo primero mi familia. NO DM  NO PORNO","","1559","2274","2018-05-01","es"
"HMHtYpWHNniEiaJn4ZoRdDt2UiDgAcvKDREJao4Ey4=","HMHtYpWHNniEiaJn4ZoRdDt2UiDgAcvKDREJao4Ey4=","HMHtYpWHNniEiaJn4ZoRdDt2UiDgAcvKDREJao4Ey4=","Michoac√°n de Ocampo, M√©xico","Abogada especializada en derecho civil y familiar.","","1663","2238","2014-07-05","es"
"frV7R3ElO9M3npJwDmO2PdWbuLMDrIvMYiyNiDFu1o=","frV7R3ElO9M3npJwDmO2PdWbuLMDrIvMYiyNiDFu1o=","frV7R3ElO9M3npJwDmO2PdWbuLMDrIvMYiyNiDFu1o=","","Estudiante de dise√±o
@UvitaDC","","605","289","2021-03-25","en"
"XU3Ak1Sj3PSOj6AcbSWmLp65g+X48czuBkiYMURkt4=","XU3Ak1Sj3PSOj6AcbSWmLp65g+X48czuBkiYMURkt4=","XU3Ak1Sj3PSOj6AcbSWmLp65g+X48czuBkiYMURkt4=","M√©xico","Estudiante Filosof√≠a y Letras.
comprometido por un mundo libre.
SiguemeYTeSigo. No quito el follow.","","673","658","2020-09-25","es"
"iW77BTrpc8vfET5fdBatr4iI7xQd3tdFSfBDSOzyXho=","iW77BTrpc8vfET5fdBatr4iI7xQd3tdFSfBDSOzyXho=","iW77BTrpc8vfET5fdBatr4iI7xQd3tdFSfBDSOzyXho=","por all√° üëâ ","Fino y Arrogante.","https://t.co/Zh0eDEipAX","264","268","2020-09-04","es"
"3llJ9EK4LZ+yYGQbu7b0nOHdxtV7Go2gu+UyGQgS0c=","3llJ9EK4LZ+yYGQbu7b0nOHdxtV7Go2gu+UyGQgS0c=","3llJ9EK4LZ+yYGQbu7b0nOHdxtV7Go2gu+UyGQgS0c=","","JUGUETES SEXUALES Y LENCER√çAüîû
üõçÔ∏èTIENDA VIRTUAL
üìçDomicilios a Barranquilla y Soledadüè°
üí∞Pago contraentregaüí∞
Atenci√≥n al WhatsApp y al Dmüì©
üì≤ 3108433163","https://t.co/p4EAeRZIPK","39","237","2021-03-19","es"
"WU211JpbqsYYdIw1ot24pCU1fFjrU1216tjdFU6YRIk=","WU211JpbqsYYdIw1ot24pCU1fFjrU1216tjdFU6YRIk=","WU211JpbqsYYdIw1ot24pCU1fFjrU1216tjdFU6YRIk=","Bogot√° Colombia","Musica, f√∫tbol y Rumba","","18","65","2017-11-13","es"
"wccJa+3EWxFwZkKeGag50YQC7ldfQsausaO6S4O5EMs=","wccJa+3EWxFwZkKeGag50YQC7ldfQsausaO6S4O5EMs=","wccJa+3EWxFwZkKeGag50YQC7ldfQsausaO6S4O5EMs=","","","","125","121","2020-09-21","es"
"neuat9bwrY9ji+OJTwo7a2I2ryGxU8RDtPROUq0g5FQ=","neuat9bwrY9ji+OJTwo7a2I2ryGxU8RDtPROUq0g5FQ=","neuat9bwrY9ji+OJTwo7a2I2ryGxU8RDtPROUq0g5FQ=","Bogot√°, D.C., Colombia","Amante s la m√∫sica, la literatura y el Cine.","","28","90","2017-10-11","es"
"XmTUNv9Bj0bKtf24k+0i3T6QWEPJQq2iWoPppEnMYB4=","XmTUNv9Bj0bKtf24k+0i3T6QWEPJQq2iWoPppEnMYB4=","XmTUNv9Bj0bKtf24k+0i3T6QWEPJQq2iWoPppEnMYB4=","","","","510","214","2021-03-26","en"
"+zsYJDWxlxsl3hQBpW1cUOn2p4KAVFE33EJQM9C8I=","+zsYJDWxlxsl3hQBpW1cUOn2p4KAVFE33EJQM9C8I=","+zsYJDWxlxsl3hQBpW1cUOn2p4KAVFE33EJQM9C8I=","M√©xico","","","397","231","2021-03-25","es"
"GSlFBWGLK5RbzKNFW0LSPa+mOb7g0iBgFQfk4GSWIc=","GSlFBWGLK5RbzKNFW0LSPa+mOb7g0iBgFQfk4GSWIc=","GSlFBWGLK5RbzKNFW0LSPa+mOb7g0iBgFQfk4GSWIc=","","spider  Instagram: angelrogd","","266","258","2020-06-18","en"
"7io9TVCSrMnjAyztK4k+iAdNKMp16BD9y12YoW3MMcU=","7io9TVCSrMnjAyztK4k+iAdNKMp16BD9y12YoW3MMcU=","7io9TVCSrMnjAyztK4k+iAdNKMp16BD9y12YoW3MMcU=","Venezuela. Aragua","Inform√°tica, Software Libre üáªüá™","","109","48","2014-07-28","es"
"p+o9QAqajQEIOR47dmFZFFhSItmqLX5a+a91hhuokT0=","p+o9QAqajQEIOR47dmFZFFhSItmqLX5a+a91hhuokT0=","p+o9QAqajQEIOR47dmFZFFhSItmqLX5a+a91hhuokT0=","","","","0","12","2021-05-04","en"
"pkOJOscP2EQ3tPVjxSbU8hESu24fSIpuo6IVR7TUvqM=","pkOJOscP2EQ3tPVjxSbU8hESu24fSIpuo6IVR7TUvqM=","pkOJOscP2EQ3tPVjxSbU8hESu24fSIpuo6IVR7TUvqM=","","","","0","7","2021-05-07","en"
"KeaYjvrCsUoANUhdPdBfYAHX5Js8vKEV4TFYFkk64=","KeaYjvrCsUoANUhdPdBfYAHX5Js8vKEV4TFYFkk64=","KeaYjvrCsUoANUhdPdBfYAHX5Js8vKEV4TFYFkk64=","","amigable.","","45","97","2021-02-19","en"
"WfhFZYCYTR1Tx1uyzrXBy9JQhRwUZOQEZYIFPETA8=","WfhFZYCYTR1Tx1uyzrXBy9JQhRwUZOQEZYIFPETA8=","WfhFZYCYTR1Tx1uyzrXBy9JQhRwUZOQEZYIFPETA8=","","Siempre as√≠... üòÄ","","97","97","2021-02-21","en"
"HvOWp9mEgz8RA9mj7ZMXQ2bT+vMqUPzCTG0CLTkrKM=","HvOWp9mEgz8RA9mj7ZMXQ2bT+vMqUPzCTG0CLTkrKM=","HvOWp9mEgz8RA9mj7ZMXQ2bT+vMqUPzCTG0CLTkrKM=","Tlaxcala, M√©xico","25| Tlx-GDL| la historia sigue escribi√©ndose","","359","173","2021-02-19","en"
"nv5erQ6HZ14q+LdOfqRAHG6b5JSIOjs9vh6kqqoUFs=","nv5erQ6HZ14q+LdOfqRAHG6b5JSIOjs9vh6kqqoUFs=","nv5erQ6HZ14q+LdOfqRAHG6b5JSIOjs9vh6kqqoUFs=","","","","498","201","2021-03-25","en"
"GE1cMYXEeK3VglcreG1GTU3fAMWYX8xWjlt5eMoNYh0=","GE1cMYXEeK3VglcreG1GTU3fAMWYX8xWjlt5eMoNYh0=","GE1cMYXEeK3VglcreG1GTU3fAMWYX8xWjlt5eMoNYh0=","","Ambivertido, Leal a mis causas..","","97","201","2021-03-21","es"
"PrcfKG07Ua8vVmWkkf0PWKFiFnvbcNHM7pDQ8TXGOps=","PrcfKG07Ua8vVmWkkf0PWKFiFnvbcNHM7pDQ8TXGOps=","PrcfKG07Ua8vVmWkkf0PWKFiFnvbcNHM7pDQ8TXGOps=","M√©xico","Perderemos o ganaremos pero igual lo festejaremos... 

Me gusta el beis y el softbol.","","505","780","2020-08-19","es"
"akuxKPZRyptNDeYCORWZ0ULRYSORvps2uP5PEsvMo4U=","akuxKPZRyptNDeYCORWZ0ULRYSORvps2uP5PEsvMo4U=","akuxKPZRyptNDeYCORWZ0ULRYSORvps2uP5PEsvMo4U=","","Me gusta socializar.","","536","414","2020-02-12","es"
"QIRAr7UoCBCWBpih4O0cgc8hj2irzLaDmnJGxbP8+A=","QIRAr7UoCBCWBpih4O0cgc8hj2irzLaDmnJGxbP8+A=","QIRAr7UoCBCWBpih4O0cgc8hj2irzLaDmnJGxbP8+A=","Valledupar, Colombia","","","53","152","2017-10-11","es"
"dmcCvoq0EDkIG+TcHXCUuEJk0chVRoCxZsHoQ+qEDUY=","dmcCvoq0EDkIG+TcHXCUuEJk0chVRoCxZsHoQ+qEDUY=","dmcCvoq0EDkIG+TcHXCUuEJk0chVRoCxZsHoQ+qEDUY=","","","","13","6","2021-04-21","es"
"jfIoYTzjdWlSAZUJITZ41hdJjNVRSgoJ9tkcKARtQ=","jfIoYTzjdWlSAZUJITZ41hdJjNVRSgoJ9tkcKARtQ=","jfIoYTzjdWlSAZUJITZ41hdJjNVRSgoJ9tkcKARtQ=","","Ayer ya es pasado","","1573","7","2012-07-06","es"
"T6V+bXpMtAEEzQ8PSmLTdz1cI6KrgOvbWRbkSJWetk=","T6V+bXpMtAEEzQ8PSmLTdz1cI6KrgOvbWRbkSJWetk=","T6V+bXpMtAEEzQ8PSmLTdz1cI6KrgOvbWRbkSJWetk=","Coyoac√°n, Distrito Federal","","","544","191","2021-02-17","en"
"sIb1ILvgFjHxnXrFeF2LNiD1G5LS00JBjsNUskJyUgY=","sIb1ILvgFjHxnXrFeF2LNiD1G5LS00JBjsNUskJyUgY=","sIb1ILvgFjHxnXrFeF2LNiD1G5LS00JBjsNUskJyUgY=","","‚Äúquiero ver amanecer, del otro lado ver amanecer... si a√∫n sigo vivo‚Äù","","4356","4671","2018-07-31","es"
