domain,lat,lng,awsOrigin,facebookUrl,siteName,twitterUsername,itunesAppStoreUrl,twitterAccountCreatedAt,twitterUserId,twitterFollowers,twitterFollowing,twitterTweets
abilenetimes.com,32.4487364,-99.7331439,3.213.234.4,,Abilene Times,,,,,,,
abqtimes.com,35.0843859,-106.650422,3.219.182.20,,ABQ Times,,,,,,,
adamscountytimes.com,39.8398269,-104.1930918,3.219.182.20,,,,,,,,,
adareporter.com,38.52,-89.98,3.219.182.20,,,,,,,,,
aikentimes.com,33.5604168,-81.7195533,3.212.144.110,,,,,,,,,
akbusinessdaily.com,,,34.234.42.207,https://facebook.com/Alaska-Business-Daily-2099861930286698,Alaska Business Daily,,,,,,,
akronreporter.com,41.0814447,-81.5190053,3.218.216.245,,,,,,,,,
albanystandard.com,42.6525793,-73.7562317,3.212.144.110,,,,,,,,,
albusinessdaily.com,,,34.234.42.207,https://facebook.com/Alabama-Business-Daily-499614453836277/,Alabama Business Daily,,,,,,,
alleghenyhighlandstoday.com,37.7717792,-79.9669001,3.212.144.110,,,,,,,,,
amarillogazette.com,35.2219971,-101.8312969,3.213.234.4,,Amarillo Gazette,,,,,,,
amestoday.com,42.0307812,-93.6319131,3.224.13.68,https://business.facebook.com/Ames-Today-101356211280133/?business_id=898179107217559,Ames Today,,,,,,,
andersonreporter.com,38.97383,-95.250525,3.218.216.245,,,,,,,,,
annarbortimes.com,42.2808256,-83.7430378,3.218.216.245,https://business.facebook.com/Ann-Arbor-Times-105059500884218/?business_id=898179107217559,Ann Arbor Times,,,,,,,
annearundeltoday.com,38.9530109,-76.5488232,35.170.88.147,,Anne Arundel Today,,,,,,,
anokatimes.com,45.1977428,-93.3871758,3.224.13.68,https://business.facebook.com/Anoka-Times-103161674441007/?business_id=898179107217559,Anoka Times,,,,,,,
arbusinessdaily.com,,,34.234.42.207,https://facebook.com/Arkansas-Business-Daily-2181112815251856,Arkansas Business Daily,,,,,,,
ashevillereporter.com,35.5950581,-82.5514869,3.212.144.110,https://www.facebook.com/Asheville-Reporter-120029399386332/,Asheville Reporter,,,,,,,
athensreporter.com,37.9838096,23.7275388,3.212.144.110,,,,,,,,,
atlstandard.com,33.6407282,-84.4277001,3.212.144.110,,,,,,,,,
auburntimes.com,32.6098566,-85.4807825,3.213.234.4,,,,,,,,,
austintxnews.com,30.267153,-97.7430608,3.213.234.4,,Austin News,,,,,,,
azbusinessdaily.com,,,34.234.42.207,https://www.facebook.com/AZBusinessDaily/,Arizona Business Daily,,,,,,,
baldwintimes.com,38.7747055,-95.2009909,3.213.234.4,,,,,,,,,
baltimorecitywire.com,39.2903848,-76.6121893,35.170.88.147,https://www.facebook.com/,Baltimore City Wire,,,,,,,
batonrougereporter.com,30.4514677,-91.1871466,3.213.234.4,,,,,,,,,
battlecreektimes.com,44.868691,-123.022714,3.218.216.245,https://business.facebook.com/Battle-Creek-Times-101371024590467/?business_id=898179107217559,Battle Creek Times,,,,,,,
beehivestatenews.com,39.3209801,-111.0937311,3.219.182.20,,,,,,,,,
bentontimes.com,34.5645371,-92.586828,3.213.234.4,,,,,,,,,
berkeleyleader.com,37.8715226,-122.273042,3.212.144.110,,,,,,,,,
bigskytimes.com,45.2617806,-111.3080244,3.219.182.20,https://www.facebook.com/Big-Sky-Times-101042667988813/,Big Sky Times,,,,,,,
bloomingtonleader.com,39.165325,-86.5263857,3.218.216.245,,,,,,,,,
bluegrasstimes.com,37.984467,-121.4957979,3.213.234.4,https://business.facebook.com/Bluegrass-Times-105734507479060/?business_id=898179107217559,Bluegrass Times,,,,,,,
bluestonenews.com,39.9636111,-82.985,3.212.144.110,,,,,,,,,
boisecitywire.com,43.6150186,-116.2023137,3.219.182.20,,,,,,,,,
boulderleader.com,40.0149856,-105.2705456,3.219.182.20,,,,,,,,,
bowlinggreentoday.com,36.9685219,-86.4808043,3.213.234.4,https://business.facebook.com/Bluegrass-Times-105734507479060/?business_id=898179107217559,Bowling Green Today,,,,,,,
bransontimes.com,36.6436731,-93.2185144,3.224.13.68,,,,,,,,,
brevardsun.com,35.2334472,-82.7342919,3.212.144.110,,Brevard Sun,,,,,,,
buckeyereporter.com,33.3703197,-112.5837766,3.218.216.245,,,,,,,,,
burlingtonreporter.com,36.135688,-95.9199116,3.212.144.110,https://www.facebook.com/Burlington-Reporter-121484399239483/,Burlington Reporter,,,,,,,
butlercountytoday.com,39.440463,-84.5222189,3.218.216.245,,,,,,,,,
cabarrustoday.com,35.4168123,-80.5882803,3.212.144.110,https://www.facebook.com/Cabarrus-Today-110013390395328/,Cabarrus Today,,,,,,,
cabusinessdaily.com,,,34.234.42.207,https://facebook.com/California-Business-Daily-800849203443822,California Business Daily,,,,,,,
cantonreporter.com,34.2367621,-84.4907621,3.218.216.245,,,,,,,,,
capemonews.com,37.3058839,-89.5181476,3.224.13.68,,,,,,,,,
carbondalereporter.com,37.7272727,-89.2167501,35.170.88.147,https://www.facebook.com/Carbondale-Reporter-464661937077937/,Carbondale Reporter,carbondale_news,,2016-05-31T21:33:25.000Z,7.37758908568084E+017,143,19,1907
cdareporter.com,44.831093,-93.1571926,3.219.182.20,,,,,,,,,
cedarrapidstoday.com,41.9778795,-91.6656232,3.224.13.68,https://business.facebook.com/Cedar-Rapids-Today-100591341357573/?business_id=898179107217559,Cedar Rapids Today,,,,,,,
centennialstatenews.com,39.5500507,-105.7820674,3.219.182.20,,,,,,,,,
centralbrowardnews.com,26.139978,-80.198734,3.212.144.110,,Central Broward News,,,,,,,
centralcoloradonews.com,39.5500507,-105.7820674,3.219.182.20,,,,,,,,,
centralgeorgianews.com,32.8125938,-83.6918538,3.212.144.110,,,,,,,,,
centralidahotimes.com,42.6349193,-111.8116205,3.219.182.20,,,,,,,,,
centraliowatimes.com,41.8780025,-93.097702,3.224.13.68,https://business.facebook.com/Central-Iowa-Times-118311509573706/?business_id=898179107217559,Central Iowa Times,,,,,,,
centrallouisiananews.com,30.554281,-91.0368766,3.213.234.4,,,,,,,,,
centralmissourinews.com,38.758081,-93.7383705,3.224.13.68,,,,,,,,,
centralmontanatimes.com,47.4996436,-111.2721245,3.219.182.20,https://www.facebook.com/Central-Montana-Times-104433430978464/,Central Montana Times,,,,,,,
centralndnews.com,31.087063,-97.3879047,3.224.13.68,,,,,,,,,
centralnovanews.com,26.0883308,-80.2379834,3.212.144.110,,,,,,,,,
centralohiotoday.com,40.0154745,-82.9931607,3.218.216.245,,,,,,,,,
centralsdnews.com,36.765117,-119.9705018,3.224.13.68,,,,,,,,,
centralshenandoahnews.com,38.277678,-78.941003,3.212.144.110,,,,,,,,,
centralstlnews.com,38.6270025,-90.1994042,3.224.13.68,,,,,,,,,
centraltxnews.com,30.2854944,-97.6653991,3.213.234.4,,Central Texas News,,,,,,,
centralutahnews.com,37.4166853,-113.6246009,3.219.182.20,,,,,,,,,
centralvatimes.com,38.4852928,-78.951451,3.212.144.110,,,,,,,,,
centralwisconsinnews.com,44.784201,-89.67268,3.218.216.245,,,,,,,,,
centralwynews.com,43.0304794,-108.426918,3.219.182.20,,,,,,,,,
centroplexnews.com,31.0851731,-97.7815524,3.213.234.4,,Centroplex News,,,,,,,
chambanasun.com,40.1136923,-88.2520123,35.170.88.147,https://www.facebook.com/Chambana-Sun-399174026949103,Chambana Sun,ChambanaSun,,2015-11-18T13:19:32.000Z,4218231520,357,171,2974
chapelhillreview.com,35.9131996,-79.0558445,3.212.144.110,https://www.facebook.com/Chapel-Hill-Review-103130714424239/,Chapel Hill Review,,,,,,,
charlestonleader.com,32.7764749,-79.9310512,3.212.144.110,,,,,,,,,
charlestonreporter.com,32.7764749,-79.9310512,3.212.144.110,,,,,,,,,
chicagocitywire.com,41.8781136,-87.6297982,35.170.88.147,https://www.facebook.com/Chicago-City-Wire-145288335882139,Chicago City Wire,chicago_wire,,2016-05-31T20:57:21.000Z,7.37749833281216E+017,303,19,3450
chippewavalleytimes.com,42.6366424,-82.9394002,3.218.216.245,,,,,,,,,
cincyreporter.com,39.1031182,-84.5120196,3.218.216.245,,,,,,,,,
clarksvilletimes.com,36.5297706,-87.3594528,3.213.234.4,,,,,,,,,
claycotimes.com,38.6921033,-90.3522815,3.212.144.110,,Clay County Times,,,,,,,
clayreporter.com,37.083014,-94.4932455,3.224.13.68,,,,,,,,,
clermonttimes.com,28.5494447,-81.7728543,3.218.216.245,,,,,,,,,
clevelandreporter.com,41.49932,-81.6943605,3.218.216.245,,,,,,,,,
coastalganews.com,31.1832649,-81.4867812,3.212.144.110,,,,,,,,,
cobbreporter.com,27.7972554,-82.7363715,3.212.144.110,,,,,,,,,
cobusinessdaily.com,,,34.234.42.207,https://facebook.com/Colorado-Business-Daily-2021289557943148/,Colorado Business Daily,,,,,,,
coconinonews.com,35.6647545,-111.4752851,3.219.182.20,https://www.facebook.com/Coconino-News-106875424063358/,Coconino News,,,,,,,
collintimes.com,33.2181719,-96.6418315,3.213.234.4,,Collin Times,,,,,,,
columbiamonews.com,38.9517053,-92.3340724,3.224.13.68,,,,,,,,,
columbiastandard.com,40.8075355,-73.9625727,3.212.144.110,,,,,,,,,
columbusstandard.com,39.9611755,-82.9987942,3.218.216.245,,,,,,,,,
conchovalleynews.com,31.4180499,-100.482093,3.213.234.4,,Concho Valley News,,,,,,,
cookcountyrecord.com,41.7376587,-87.697554,52.7.148.177,https://www.facebook.com/cookcountyrecord,Cook County Record,CookRecord,https://itunes.apple.com/us/app/cook-county-record/id715265623?mt=8,2013-08-06T19:51:38.000Z,1651123645,1114,408,12065
cornhuskerstatenews.com,41.4925374,-99.9018131,3.224.13.68,,,,,,,,,
corpuschristisun.com,27.8005828,-97.396381,3.213.234.4,,Corpus Christi Sun,,,,,,,
ctbusinessdaily.com,,,34.234.42.207,https://facebook.com/Connecticut-Business-Daily-229590937823711/,Connecticut Business Daily,,,,,,,
dakotatimes.com,44.973659,-93.275307,3.224.13.68,https://business.facebook.com/Dakota-Times-101460081279893/?business_id=898179107217559,Dakota Times,,,,,,,
dallascitywire.com,32.7766642,-96.7969879,3.213.234.4,,Dallas City Wire,,,,,,,
davistimes.com,38.5449065,-121.7405167,3.219.182.20,,,,,,,,,
daytonreporter.com,39.7589478,-84.1916069,3.218.216.245,,,,,,,,,
dcbusinessdaily.com,,,34.234.42.207,https://www.facebook.com/DC-Business-Daily-477871215985975/,Washington D.C. Business Daily,,,,,,,
debusinessdaily.com,,,34.234.42.207,https://facebook.com/Delaware-Business-Daily-1684218098340690/,Delaware Business Daily,,,,,,,
decaturtimes.com,33.7748275,-84.2963123,3.213.234.4,,,,,,,,,
dekalbganews.com,33.7956441,-84.2278796,3.212.144.110,,,,,,,,,
dekalbtimes.com,41.9294736,-88.7503647,35.170.88.147,https://www.facebook.com/DeKalb-Times-1650142418618920,DeKalb Times,DeKalb_Times,,2017-01-20T21:18:39.000Z,8.22553953795788E+017,67,0,756
delcoreview.com,39.907793,-75.3878525,3.218.216.245,,,,,,,,,
denvercitywire.com,39.7392358,-104.990251,3.219.182.20,,,,,,,,,
desmoinessun.com,41.5868353,-93.6249593,3.224.13.68,https://business.facebook.com/Des-Moines-Sun-101958604552546/?business_id=898179107217559,Des Moines Sun,,,,,,,
detroitcitywire.com,42.331427,-83.0457538,3.218.216.245,https://business.facebook.com/Detroit-City-Wire-105304140860043/?business_id=898179107217559,Detroit City Wire,,,,,,,
dorchestertoday.com,42.3016305,-71.067605,3.212.144.110,,,,,,,,,
downrivertoday.com,47.6868092,-117.4665337,3.218.216.245,https://business.facebook.com/Downriver-Today-116730986374533/?business_id=898179107217559,Downriver Today,,,,,,,
dubuquetimes.com,42.5022661,-90.6654675,3.224.13.68,https://business.facebook.com/Dubuque-Times-114048820002219/?business_id=898179107217559,Dubuque Times,,,,,,,
dupagepolicyjournal.com,41.8243831,-88.0900762,35.170.88.147,https://www.facebook.com/DuPage-Policy-Journal-440850842779072,Dupage Policy Journal,DupageJournal,,2015-01-29T14:45:45.000Z,3001471430,444,260,5060
durhamreporter.com,35.9940329,-78.898619,3.212.144.110,https://www.facebook.com/Durham-Reporter-118375432886638/,Durham Reporter,,,,,,,
duvaltimes.com,30.3500511,-81.6035062,3.212.144.110,,Duval Times,,,,,,,
eaglevalleytimes.com,39.0090037,-94.2264666,3.219.182.20,,,,,,,,,
eastarapahoenews.com,39.62031,-104.332644,3.219.182.20,,,,,,,,,
eastarizonanews.com,,,3.219.182.20,https://www.facebook.com/East-Arizona-News-107421190674893/,East Arizona News,,,,,,,
eastcentralreporter.com,29.3521694,-98.2964489,35.170.88.147,https://www.facebook.com/East-Central-Reporter-1017551808288816,East Central Reporter,eastcentreport,,2016-02-03T22:42:59.000Z,4875153526,71,19,3041
eastclevelandnews.com,41.5331066,-81.5790137,3.218.216.245,,,,,,,,,
eastdfwnews.com,32.8386646,-97.0125148,3.213.234.4,,East DFW News,,,,,,,
easternshoretimes.com,37.5397721,-75.8229685,3.212.144.110,,,,,,,,,
easternwaynetoday.com,35.3771332,-77.8815301,3.218.216.245,https://business.facebook.com/Eastern-Wayne-Today-100600154668579/?business_id=898179107217559,Eastern Wayne Today,,,,,,,
easthillsboroughnews.com,27.9994621,-82.3147141,3.212.144.110,,East Hillsborough News,,,,,,,
easthoustonnews.com,29.8296699,-95.2699349,3.213.234.4,,East Houston News,,,,,,,
eastidahotimes.com,43.8175115,-111.8012371,3.219.182.20,,,,,,,,,
eastindynews.com,39.7704511,-86.0717174,3.218.216.245,,,,,,,,,
eastkentuckytimes.com,37.5164758,-82.8067126,3.213.234.4,https://business.facebook.com/East-Kentucky-Times-111352810245930/?business_id=898179107217559,East Kentucky Times,,,,,,,
eastlakenormannews.com,35.5019795,-80.918003,3.212.144.110,https://www.facebook.com/East-Lake-Norman-News-105190370881365/,East Lake Norman News,,,,,,,
eastlittlerocktimes.com,34.73983,-92.235967,3.213.234.4,,,,,,,,,
eastlouisvillenews.com,38.2526647,-85.7584557,3.213.234.4,https://business.facebook.com/East-Louisville-News-105968707454981/?business_id=898179107217559,East Louisville News,,,,,,,
eastmichigannews.com,44.3148443,-85.6023643,3.218.216.245,https://business.facebook.com/East-Michigan-News-104854544261605/?business_id=898179107217559,East Michigan News,,,,,,,
eastnewmexiconews.com,34.5199402,-105.8700901,3.219.182.20,,East New Mexico News,,,,,,,
eastokcnews.com,,,3.224.13.68,,,,,,,,,
eastpanhandlenews.com,39.3349019,-78.5660852,3.212.144.110,,East Panhandle News,,,,,,,
eastpanhandletimes.com,39.3349019,-78.5660852,3.212.144.110,,,,,,,,,
eastpennyroyalnews.com,37.4943617,-84.998249,3.213.234.4,https://business.facebook.com/East-Pennyroyal-News-100193101372622/?business_id=898179107217559,East Pennyroyal News,,,,,,,
eastrgvnews.com,,,3.213.234.4,,East RGV News,,,,,,,
eastslcnews.com,40.7508769,-111.8552576,3.219.182.20,,,,,,,,,
eaststarknews.com,45.5189295,-122.488203,3.218.216.245,,,,,,,,,
easttwincities.com,44.9374831,-93.2009998,3.224.13.68,https://business.facebook.com/East-Twin-Cities-102017971223826/?business_id=898179107217559,East Twin Cities,,,,,,,
eastvolusianews.com,29.0279842,-81.0754657,3.212.144.110,,East Volusia News,,,,,,,
eastwaketimes.com,35.8140657,-78.424497,3.212.144.110,https://www.facebook.com/East-Wake-Times-109459453784640/,East Wake Times,,,,,,,
eastwichitatimes.com,37.6871761,-97.330053,3.224.13.68,,,,,,,,,
ecalabamanews.com,,,3.213.234.4,,,,,,,,,
ecgeorgianews.com,32.1656221,-82.9000751,3.212.144.110,,,,,,,,,
ecindiananews.com,,,3.218.216.245,,,,,,,,,
eciowanews.com,,,3.224.13.68,https://business.facebook.com/East-Central-Iowa-News-102928174455039/?business_id=898179107217559,East Central Iowa News,,,,,,,
eckansasnews.com,35.20105,-91.8318334,3.224.13.68,,,,,,,,,
ecmissnews.com,,,3.213.234.4,,,,,,,,,
ecnebraskanews.com,40.886728,-96.622094,3.224.13.68,,,,,,,,,
ecnorthcarolinanews.com,,,3.212.144.110,https://www.facebook.com/EC-North-Carolina-News-105550317511769/,EC North Carolina News,,,,,,,
ecohionews.com,39.4067414,-84.3043851,3.218.216.245,,,,,,,,,
ecoklahomanews.com,35.0077519,-97.092877,3.224.13.68,,,,,,,,,
ectexasnews.com,,,3.213.234.4,,East Central Texas News,,,,,,,
ecvirginianews.com,37.4315734,-78.6568942,3.212.144.110,,,,,,,,,
ecwisconsinnews.com,43.7844397,-88.7878678,3.218.216.245,,,,,,,,,
elizabethtowntimes.com,37.7030646,-85.8649408,3.213.234.4,https://business.facebook.com/Elizabethtown-Times-102532901135113/?business_id=898179107217559,Elizabethtown Times,,,,,,,
elkharttimes.com,41.6819935,-85.9766671,3.218.216.245,,,,,,,,,
elpasostandard.com,31.7618778,-106.4850217,3.213.234.4,,El Paso Standard,,,,,,,
emeraldcoasttimes.com,30.3886761,-86.4533322,3.212.144.110,,Emerald Coast Times,,,,,,,
enchantmentstatenews.com,,,3.219.182.20,,Enchantment State News,,,,,,,
equalitystatenews.com,43.0759678,-107.2902839,3.219.182.20,,,,,,,,,
fairfieldreporter.com,41.1408363,-73.2612615,3.218.216.245,,,,,,,,,
fargostandard.com,46.8771863,-96.7898034,3.224.13.68,,,,,,,,,
farwesttxnews.com,32.7183382,-96.6820478,3.213.234.4,,Far West Texas News,,,,,,,
fayettevillestandard.com,35.0526641,-78.8783585,3.213.234.4,,,,,,,,,
fayettevilletoday.com,35.0526641,-78.8783585,3.212.144.110,https://www.facebook.com/Fayetteville-Today-112462826815757/,Fayetteville Today,,,,,,,
findlaytimes.com,41.04422,-83.6499321,3.218.216.245,,,,,,,,,
firststatetimes.com,38.9710769,-95.2890118,3.212.144.110,https://www.facebook.com/First-State-Times-111265990223655/,First State Times,,,,,,,
flarecord.com,27.6648274,-81.5157535,52.7.148.177,https://www.facebook.com/Florida-Record-772624976214511/,Florida Record,FloridaRecord,https://itunes.apple.com/us/app/florida-record/id1247782056?mt=8,2016-03-25T21:00:56.000Z,7.13470745175658E+017,102,41,6292
flbusinessdaily.com,,,34.234.42.207,https://facebook.com/floridabizdaily,Florida Business Daily,,,,,,,
floridaparishnews.com,30.502557,-90.244953,3.213.234.4,,,,,,,,,
fondulacnews.com,43.7730448,-88.4470508,3.218.216.245,,,,,,,,,
foothillsreview.com,44.6703301,-70.1490845,3.212.144.110,https://www.facebook.com/Foothills-Review-101128717956444/,Foothills Review,,,,,,,
forestcountrynews.com,26.5002872,-81.8590422,3.213.234.4,,Forest Country News,,,,,,,
fortsmithtimes.com,35.3859242,-94.3985475,3.213.234.4,,,,,,,,,
foxcitiesnews.com,44.261275,-88.458663,3.218.216.245,,,,,,,,,
fredericksburgleader.com,30.2752011,-98.8719843,3.212.144.110,,,,,,,,,
ftwaynetimes.com,41.079273,-85.1393513,3.218.216.245,,,,,,,,,
ftworthtimes.com,32.7554883,-97.3307658,3.213.234.4,,Ft Worth Times,,,,,,,
gabusinessdaily.com,,,34.234.42.207,https://www.facebook.com/pg/Georgia-Business-Daily-1010328595811403,Georgia Business Daily,,,,,,,
gadsdentoday.com,34.014264,-86.0066386,3.213.234.4,,,,,,,,,
galesburgreporter.com,40.9478158,-90.3712395,35.170.88.147,https://www.facebook.com/GalesburgReporter/,Galesburg Reporter,,,,,,,
gastoniatimes.com,35.262082,-81.1873005,3.212.144.110,https://www.facebook.com/Gastonia-Times-119779936078342/,Gastonia Times,,,,,,,
gatewayreporter.com,37.0699685,-94.5349274,3.212.144.110,,,,,,,,,
gemstatewire.com,44.0682019,-114.7420408,3.219.182.20,,,,,,,,,
geneseenews.com,43.0777289,-83.6773928,3.218.216.245,https://business.facebook.com/Genesee-News-100698147991930/?business_id=898179107217559,Genesee News,,,,,,,
georgiamountainnews.com,34.6255842,-83.7933335,3.212.144.110,,,,,,,,,
glaciercountrynews.com,46.9172922,-114.0642645,3.219.182.20,https://www.facebook.com/Glacier-County-News-111596100255900/,Glacier Country News,,,,,,,
grandcanyontimes.com,36.1069652,-112.1129972,3.219.182.20,https://www.facebook.com/Grand-Canyon-Times-103936177693945/,Grand Canyon Times,,,,,,,
grandjunctiontimes.com,39.0638705,-108.5506486,3.219.182.20,,,,,,,,,
grandrapidsreporter.com,42.9633599,-85.6680863,3.218.216.245,https://business.facebook.com/Grand-Rapids-Reporter-111393033542730/?business_id=898179107217559,Grand Rapids Reporter,,,,,,,
graysontimes.com,35.5031598,-95.8727725,3.213.234.4,,Grayson Times,,,,,,,
greatlakeswire.com,43.1240448,-89.3499345,3.218.216.245,https://business.facebook.com/Great-Lakes-Wire-110870006973319/?business_id=898179107217559,Great Lakes Wire,,,,,,,
greenbayreporter.com,44.5133188,-88.0132958,3.218.216.245,,,,,,,,,
greenecotimes.com,29.7763008,-95.741344,3.218.216.245,,,,,,,,,
greensbororeporter.com,36.0726354,-79.7919754,3.212.144.110,https://www.facebook.com/Greensboro-Reporter-116196246439218/,Greensboro Reporter,,,,,,,
greenvilleleader.com,34.8526176,-82.3940104,3.212.144.110,,,,,,,,,
greenvillereporter.com,34.8526176,-82.3940104,3.212.144.110,https://www.facebook.com/Greenville-Reporter-121924869195889/,Greenville Reporter,,,,,,,
grundyreporter.com,37.2778886,-82.0990223,35.170.88.147,https://www.facebook.com/Grundy-Reporter-111376299540998,Grundy Reporter,,,,,,,
gtrtimes.com,26.1306899,-80.2020047,3.213.234.4,,,,,,,,,
hamiltonreporter.com,37.1929578,-95.7175467,3.213.234.4,,,,,,,,,
harfordnews.com,39.5838964,-76.3637285,35.170.88.147,https://www.facebook.com/,Harford News,,,,,,,
hawkeyereporter.com,38.0055931,-92.3929539,3.224.13.68,https://www.facebook.com/Hawkeye-Reporter-110638887011923/,Hawkeye Reporter,,,,,,,
henricotimes.com,37.5059332,-77.3324425,3.212.144.110,,,,,,,,,
hernandoreporter.com,28.5578826,-82.4752757,3.212.144.110,,Hernando Reporter,,,,,,,
hibusinessdaily.com,,,34.234.42.207,https://facebook.com/Hawaii-Business-Daily-247929739329034,Hawaii Business Daily,,,,,,,
hickorysun.com,35.7344538,-81.3444573,3.212.144.110,https://www.facebook.com/Hickory-Sun-111121563617189/,Hickory Sun,,,,,,,
highcountrytimes.com,42.5424891,-71.7475692,3.212.144.110,https://www.facebook.com/High-Country-Times-107671310631667/,High Country Times,,,,,,,
hillcountrychronicle.com,34.2206299,-80.9722696,3.213.234.4,,Hill Country Chronicle,,,,,,,
hiltonheadreporter.com,32.2010982,-80.7369815,3.212.144.110,,,,,,,,,
hindstoday.com,32.2648353,-90.3748354,3.213.234.4,,,,,,,,,
hollandreporter.com,52.132633,5.291266,3.218.216.245,https://business.facebook.com/Holland-Reporter-101483974584819/?business_id=898179107217559,Holland Reporter,,,,,,,
hoosierstatetoday.com,40.2671941,-86.1349019,3.218.216.245,,,,,,,,,
hopkinsvilletimes.com,36.8656008,-87.4886186,3.213.234.4,https://business.facebook.com/Hopkinsville-Times-112952850084678/?business_id=898179107217559,Hopkinsville Times,,,,,,,
hotspringstimes.com,45.6604092,-111.1880102,3.213.234.4,,,,,,,,,
houmathibodauxnews.com,29.6464394,-90.8165023,3.213.234.4,,,,,,,,,
houstonrepublic.com,29.8219587,-95.2445685,3.213.234.4,,Houston Republic,,,,,,,
howardconews.com,39.2873463,-76.964306,35.170.88.147,https://www.facebook.com/,Howard County News,,,,,,,
huntingtontimes.com,45.0271545,-84.6733991,3.212.144.110,,,,,,,,,
huntsvilleleader.com,34.7303688,-86.5861037,3.213.234.4,,,,,,,,,
hutchtoday.com,37.8230951,-82.8318328,3.224.13.68,,,,,,,,,
iabusinessdaily.com,,,34.234.42.207,https://www.facebook.com/Iowa-Business-Daily-653068658217747/,Iowa Business Daily,,,,,,,
ibxnews.com,39.9538072,-75.1719799,3.212.144.110,https://www.facebook.com/IBX-News-116157859776600/,IBX News,,,,,,,
idbusinessdaily.com,,,34.234.42.207,https://facebook.com/Idaho-Business-Daily-1902761486691748,Idaho Business Daily,,,,,,,
ilbusinessdaily.com,,,34.234.42.207,https://facebook.com/ilbusinessdaily/,Illinois Business Daily,,,,,,,
illinoisvalleytimes.com,39.1267023,-89.8159217,35.170.88.147,https://www.facebook.com/Illinois-Valley-Times-1544775089163392/,Illinois Valley Times,IL_valley_times,,2016-05-31T21:09:09.000Z,7.37752800558354E+017,99,19,2195
indianabusinessdaily.com,39.7668804,-86.1565876,34.234.42.207,https://facebook.com/Indiana-Business-Daily-210341736470656/,Indiana Business Daily,,,,,,,
indystandard.com,39.768403,-86.158068,3.218.216.245,,,,,,,,,
injouercad.us,,,3.212.144.110,#N/A,,,,,,,,
iowacitytoday.com,41.6611277,-91.5301683,3.224.13.68,https://www.facebook.com/Iowa-City-Today-116453419760333/,Iowa City Today,,,,,,,
jacksonpurchasenews.com,37.0572381,-88.5738195,3.213.234.4,https://business.facebook.com/Jackson-Purchase-News-110979343616674/?business_id=898179107217559,Jackson Purchase News,,,,,,,
jeffcitynews.com,38.5767017,-92.1735164,3.224.13.68,,,,,,,,,
jeffcotimes.com,39.5800298,-105.2662931,3.224.13.68,,,,,,,,,
jeffersonreporter.com,37.1095843,-95.7625713,3.213.234.4,,,,,,,,,
jocotoday.com,35.4403514,-78.3842227,3.224.13.68,,,,,,,,,
johnsoncitytimes.com,36.3134397,-82.3534727,3.213.234.4,,,,,,,,,
johnstonreporter.com,41.6709834,-93.7130493,3.212.144.110,https://www.facebook.com/Johnston-Reporter-113415450052248,Johnston Reporter,,,,,,,
jonesborotimes.com,35.8422967,-90.704279,3.213.234.4,,,,,,,,,
kalamazootimes.com,42.2917069,-85.5872286,3.218.216.245,https://business.facebook.com/Kalamazoo-Times-109349107125073/?business_id=898179107217559,Kalamazoo Times,,,,,,,
kanecountyreporter.com,41.987884,-88.4016041,35.170.88.147,https://www.facebook.com/Kane-County-Reporter-113001215788482/,Kane County Reporter,kane_reporter,,2016-05-31T21:18:18.000Z,7.37755102732111E+017,188,111,6213
kankakeetimes.com,41.1200325,-87.8611531,35.170.88.147,https://www.facebook.com/kankakeetimes,Kankakee Times,Kankakee_Times,,2015-11-18T13:34:04.000Z,4218254801,487,244,2257
kcreporter.com,39.0997265,-94.5785667,3.224.13.68,,,,,,,,,
kendallcountytimes.com,41.5507043,-88.4403883,35.170.88.147,https://www.facebook.com/Kendall-County-Times-151364972111507,Kendall County Times,,,,,,,
kenoshareporter.com,42.5847425,-87.8211854,3.218.216.245,,,,,,,,,
kentcountytoday.com,43.0097027,-85.520024,3.212.144.110,https://www.facebook.com/Kent-County-Today-114894533256835/,Kent County Today,,,,,,,
kentuckianatimes.com,38.2595079,-85.7409594,3.218.216.245,,,,,,,,,
keystonebusinessnews.com,41.8427954,-87.9556981,34.234.42.207,https://twitter.com/Keystone_Biz,Keystone Business News,,,,,,,
keywestreporter.com,24.5550593,-81.7799871,3.212.144.110,,Key West Reporter,,,,,,,
kingsportreporter.com,36.548434,-82.5618186,3.213.234.4,,,,,,,,,
knoxtimes.com,33.682969,-112.094475,3.213.234.4,,,,,,,,,
kokomostandard.com,40.486427,-86.1336033,3.218.216.245,,,,,,,,,
ksbusinessdaily.com,,,34.234.42.207,https://facebook.com/Kansas-Business-Daily-2306278402715960/,Kansas Business Daily,,,,,,,
kybusinessdaily.com,,,34.234.42.207,https://facebook.com/Kentucky-Business-Daily-476329426162681,Kentucky Business Daily,,,,,,,
labusinessdaily.com,,,34.234.42.207,https://www.facebook.com/Louisiana-Business-Daily-909341742586701/,Louisiana Business Daily,,,,,,,
lafayettereporter.com,30.2240897,-92.0198427,3.213.234.4,,,,,,,,,
lafayettetimes.com,30.2240897,-92.0198427,3.218.216.245,,,,,,,,,
lakecountygazette.com,39.0839644,-122.8084496,35.170.88.147,https://www.facebook.com/Lake-County-Gazette-854479238006224,Lake County Gazette,lakecntygazette,,2015-11-17T00:59:16.000Z,4206041674,533,249,4132
lakecountytimes.com,39.0839644,-122.8084496,3.218.216.245,,,,,,,,,
lansingsun.com,42.732535,-84.5555347,3.218.216.245,https://business.facebook.com/Lansing-Sun-118678892851412/?business_id=898179107217559,Lansing Sun,,,,,,,
laredotimes.com,27.5035613,-99.5075519,3.213.234.4,,Laredo Times,,,,,,,
larimernews.com,39.7477083,-104.9991,3.219.182.20,,,,,,,,,
lasvegasrecord.com,36.1699412,-115.1398296,3.219.182.20,,,,,,,,,
lawrencereporter.com,38.9716689,-95.2352501,3.224.13.68,,,,,,,,,
leetoday.com,42.3042151,-73.2481951,3.212.144.110,,Lee Today,,,,,,,
legalnewsline.com,43.6961725,-79.4389309,52.7.148.177,https://www.facebook.com/pages/Legal-Newsline/299588323424419,Legal Newsline,legalnewsline,https://itunes.apple.com/us/app/legal-newsline/id603098697?mt=8,2009-11-02T03:30:54.000Z,86864211,1666,559,16089
lickingtoday.com,37.4994884,-91.8570984,3.218.216.245,,,,,,,,,
lightofbaldr.com,,,3.213.234.4,#N/A,,,,,,,,
limareporter.com,-12.0463731,-77.042754,3.218.216.245,,,,,,,,,
livingstontoday.com,40.7862871,-74.3300842,3.218.216.245,https://business.facebook.com/Livingston-Today-100486091352075/?business_id=898179107217559,Livingston Today,,,,,,,
lonestarstandard.com,33.5260478,-101.8064644,3.213.234.4,,Lone Star Standard,,,,,,,
longviewtimes.com,32.5007037,-94.7404891,3.213.234.4,,Longview Times,,,,,,,
loraintimes.com,41.452819,-82.1823746,3.218.216.245,,,,,,,,,
louisianarecord.com,30.9842977,-91.9623327,52.7.148.177,https://www.facebook.com/LouisianaRecord/,Louisiana Record,louisianarecord,https://itunes.apple.com/us/app/louisiana-record/id619088844,2010-10-13T21:58:46.000Z,202364607,27490,23013,20433
louisvillecitywire.com,38.2523291,-85.7573948,3.213.234.4,https://business.facebook.com/LouisvilleCityWire/?business_id=898179107217559,Louisville City Wire,,,,,,,
lowedeltanews.com,,,3.213.234.4,,,,,,,,,
lowerwestscnews.com,,,3.212.144.110,,,,,,,,,
lubbocktimes.com,33.5778631,-101.8551665,3.213.234.4,,Lubbock Times,,,,,,,
lynchburgreporter.com,37.4137536,-79.1422464,3.212.144.110,,,,,,,,,
mabusinessdaily.com,,,34.234.42.207,https://www.facebook.com/Massachusetts-Business-Daily-196211731038960,Massachusetts Business Daily,,,,,,,
macombtoday.com,42.7168759,-82.820974,3.218.216.245,https://business.facebook.com/Macomb-Today-107874710608318/?business_id=898179107217559,Macomb Today,,,,,,,
maconreporter.com,32.8406946,-83.6324022,35.170.88.147,https://www.facebook.com/Macon-Reporter-915144198623038/,Macon Reporter,MaconReporter,,2017-01-20T20:06:47.000Z,8.22535867906555E+017,51,0,678
macontimes.com,32.8406946,-83.6324022,3.212.144.110,,,,,,,,,
madisonrecord.com,43.0730517,-89.4012302,52.7.148.177,https://www.facebook.com/pages/MadisonSt-Clair-Record/164779816968453,Madison - St. Clair Record,madisonrecord,https://itunes.apple.com/us/app/madison-st-clair-record/id597238468?mt=8,2009-11-19T11:34:47.000Z,91086406,757,583,13633
madisonreporter.com,43.0730517,-89.4012302,3.218.216.245,,,,,,,,,
magicvalleytimes.com,26.1788375,-98.1858901,3.219.182.20,,,,,,,,,
magnoliastatenews.com,32.3546679,-89.3985283,3.213.234.4,,,,,,,,,
mainebusinessdaily.com,39.645425,-105.08031,34.234.42.207,https://www.facebook.com/Maine-Business-Daily-1715601108568224/,Maine Business Daily,,,,,,,
manateereview.com,27.4799195,-82.345189,3.212.144.110,,Manatee Review,,,,,,,
mansfieldtimes.com,32.5631924,-97.1416768,3.218.216.245,,,,,,,,,
marionmorrowtimes.com,40.734188,-82.791037,3.218.216.245,,,,,,,,,
mchenrytimes.com,42.333355,-88.2667534,35.170.88.147,https://www.facebook.com/McHenry-Times-1007855922605367,McHenry Times,McHenryTimes1,,2015-11-16T22:17:06.000Z,4205082557,426,192,3063
mcleancountytimes.com,40.5478429,-88.864698,35.170.88.147,https://www.facebook.com/McLean-County-Times-135405700298293,McLean County Times,McLean_Times,,2017-01-20T20:12:51.000Z,8.22537394616463E+017,50,0,784
mdbusinessdaily.com,,,34.234.42.207,https://www.facebook.com/Maryland-Business-Daily-1711822458927191/,Maryland Business Daily,,,,,,,
mdstatewire.com,39.0457549,-76.6412712,35.170.88.147,https://www.facebook.com/,Maryland State Wire,,,,,,,
medinatoday.com,24.5246542,39.5691841,3.218.216.245,,,,,,,,,
memphisstandard.com,35.1495343,-90.0489801,3.213.234.4,,,,,,,,,
metroeastsun.com,45.503129,-122.4220359,35.170.88.147,https://www.facebook.com/metroeastsun,Metro East Sun,metroeastsun,,2015-11-18T13:43:00.000Z,4218256407,347,161,3443
metrolexnews.com,,,3.213.234.4,https://business.facebook.com/Metro-Lex-News-101214361284018/?business_id=898179107217559,Metro Lex News,,,,,,,
miamicourant.com,25.7616798,-80.1917902,3.212.144.110,,Miami Courant,,,,,,,
mibusinessdaily.com,,,34.234.42.207,https://www.facebook.com/Michigan-Business-Daily-2026439131008045/,Michigan Business Daily,,,,,,,
micapitolnews.com,42.7336274,-84.5553944,3.218.216.245,https://business.facebook.com/Capitol-News-119768806075523/?business_id=898179107217559,Capitol News,,,,,,,
midcitytimes.com,33.9065619,-84.3632241,3.213.234.4,,Mid City Times,,,,,,,
minneapolisreview.com,44.977753,-93.2650108,3.224.13.68,https://business.facebook.com/Minneapolis-Review-102334997858514/?business_id=898179107217559,Minneapolis Review,,,,,,,
minnesotastatewire.com,44.1513247,-94.0005078,3.224.13.68,,Minnesota State Wire,,,,,,,
mkecitywire.com,43.0389025,-87.9064736,3.218.216.245,,,,,,,,,
mkenorth.com,40.7615782,-73.5038248,3.218.216.245,,,,,,,,,
mkesouth.com,42.924403,-87.859665,3.218.216.245,,,,,,,,,
mnbusinessdaily.com,,,34.234.42.207,https://www.facebook.com/Minnesota-Business-Daily-862360560621424/,Minnesota Business Daily,,,,,,,
mobilecourant.com,,,3.213.234.4,,,,,,,,,
mobusinessdaily.com,,,34.234.42.207,https://www.facebook.com/Missouri-Business-Daily-1570139019782034/,Missouri Business Daily,,,,,,,
mohavetoday.com,35.2143346,-113.7632828,3.219.182.20,https://www.facebook.com/Mohave-Today-106106917474658/,Mohave Today,,,,,,,
monroereview.com,36.2233773,-95.9639482,3.218.216.245,https://business.facebook.com/Monroe-Review-100470841353605/?business_id=898179107217559,Monroe Review,,,,,,,
montgomerymdnews.com,39.1547426,-77.2405153,35.170.88.147,https://www.facebook.com/,Montgomery News,,,,,,,
morristowntimes.com,40.7967667,-74.4815438,3.213.234.4,,,,,,,,,
mountainstatetimes.com,39.3161069,-80.2231889,3.212.144.110,,,,,,,,,
msbusinessdaily.com,,,34.234.42.207,https://www.facebook.com/Mississippi-Business-Daily-2235851169967760/,Mississippi Business Daily,,,,,,,
msgulfnews.com,,,3.213.234.4,,,,,,,,,
mtbusinessdaily.com,,,34.234.42.207,https://facebook.com/Montana-Business-Daily-411201416046507/,Montana Business Daily,,,,,,,
munciereporter.com,40.1933767,-85.3863599,3.218.216.245,,,,,,,,,
muskegonsun.com,43.2341813,-86.2483921,3.218.216.245,https://business.facebook.com/Muskegon-Sun-115132053208625/?business_id=898179107217559,Muskegon Sun,,,,,,,
myrtlebeachleader.com,33.6890603,-78.8866943,3.212.144.110,,,,,,,,,
nantahalanews.com,35.0710712,-83.5283633,3.212.144.110,https://www.facebook.com/Nantahala-News-111249553604479/,Nantahala News,,,,,,,
naplesstandard.com,26.1420358,-81.7948103,3.212.144.110,,Naples Standard,,,,,,,
nashvillestandard.com,36.1626638,-86.7816016,3.213.234.4,,,,,,,,,
naturalstatenews.com,35.20105,-91.8318334,3.213.234.4,,,,,,,,,
naturecoasttimes.com,28.4884728,-82.463433,3.212.144.110,,Nature Coast Times,,,,,,,
ncarkansasnews.com,36.0148605,-94.2333355,3.213.234.4,,,,,,,,,
ncbusinessdaily.com,,,34.234.42.207,https://www.facebook.com/North-Carolina-Business-Daily-1948531921832956/,North Carolina Business Daily,,,,,,,
ncfloridanews.com,38.2569485,-85.7555366,3.212.144.110,,NC Florida News,,,,,,,
ncgeorgianews.com,36.5823607,-121.9384253,3.212.144.110,,,,,,,,,
ncindiananews.com,,,3.218.216.245,,,,,,,,,
nckansasnews.com,39.011902,-98.4842465,3.224.13.68,,,,,,,,,
nckentuckynews.com,37.8393332,-84.2700179,3.213.234.4,https://business.facebook.com/NC-Kentucky-News-111261930254860/?business_id=898179107217559,NC Kentucky News,,,,,,,
ncminnesotanews.com,46.729553,-94.6858998,3.224.13.68,https://business.facebook.com/NC-Minnesota-News-100963467997125/?business_id=898179107217559,NC Minnesota News,,,,,,,
ncmissnews.com,38.0837456,-97.9144762,3.213.234.4,,,,,,,,,
ncncnews.com,26.8109695,-80.2061176,3.212.144.110,https://www.facebook.com/NC-North-Carolina-News-112558680139451/,NC North Carolina News,,,,,,,
ncoklahomanews.com,35.0077519,-97.092877,3.224.13.68,,,,,,,,,
ncsctimes.com,37.266064,-76.7048459,3.212.144.110,,,,,,,,,
nctennnews.com,34.9884054,-84.3218681,3.213.234.4,,,,,,,,,
ncunionnews.com,34.9338651,-80.543845,3.212.144.110,https://www.facebook.com/Union-News-114326133299310/,Union News,,,,,,,
ncwisconsinnews.com,43.7844397,-88.7878678,3.218.216.245,,,,,,,,,
ncwvnews.com,39.281404,-80.33911,3.212.144.110,,,,,,,,,
ndbusinessdaily.com,,,34.234.42.207,https://www.facebook.com/North-Dakota-Business-Daily-170798873534943,North Dakota Business Daily,,,,,,,
ndnorthnews.com,44.0800668,-103.2224717,3.224.13.68,,,,,,,,,
nealabamanews.com,33.6540722,-85.8260704,3.213.234.4,,,,,,,,,
neatlantanews.com,33.7489954,-84.3879824,3.212.144.110,,,,,,,,,
nebraskabusinessdaily.com,41.2522704,-95.962385,34.234.42.207,https://www.facebook.com/Nebraska-Business-Daily-2021552487876945/,Nebraska Business Daily,,,,,,,
necoloradonews.com,39.5995542,-104.8865923,3.219.182.20,,,,,,,,,
nedallasnews.com,26.0817546,-98.2869648,3.213.234.4,,NE Dallas News,,,,,,,
nefloridanews.com,27.6648274,-81.5157535,3.212.144.110,,NE Florida News,,,,,,,
nefranklinnews.com,40.9417229,-81.5415079,3.218.216.245,,,,,,,,,
neindiananews.com,,,3.218.216.245,,,,,,,,,
neiowanews.com,,,3.224.13.68,https://www.facebook.com/NE-Iowa-News-115073833239021/,NE Iowa News,,,,,,,
nekansascitynews.com,39.1131382,-94.5366582,3.224.13.68,,,,,,,,,
nekansasnews.com,,,3.224.13.68,,,,,,,,,
nekentuckynews.com,37.09024,-95.712891,3.213.234.4,https://business.facebook.com/NE-Kentucky-News-110835553630870/?business_id=898179107217559,NE Kentucky News,,,,,,,
nelouisiananews.com,30.9842977,-91.9623327,3.213.234.4,,,,,,,,,
nemissnews.com,37.6819414,-97.2470599,3.213.234.4,,,,,,,,,
nemissourinews.com,40.3519854,-94.8825243,3.224.13.68,,,,,,,,,
nemontananews.com,,,3.219.182.20,https://www.facebook.com/Northeast-Montana-News-100486024712531/,Northeast Montana News,,,,,,,
nenashvillenews.com,36.1626638,-86.7816016,3.213.234.4,,,,,,,,,
nenebraskanews.com,41.4925374,-99.9018131,3.224.13.68,,,,,,,,,
nenewmexiconews.com,34.5199402,-105.8700901,3.219.182.20,,NE New Mexico News,,,,,,,
nenorthdakotanews.com,,,3.224.13.68,,,,,,,,,
neohiotimes.com,41.2617873,-81.1637245,3.218.216.245,,,,,,,,,
neoklahomanews.com,35.0077519,-97.092877,3.224.13.68,,,,,,,,,
nepanhandlenews.com,41.9994234,-103.0005095,3.224.13.68,,,,,,,,,
nepiedmontnews.com,38.9875582,-94.3463487,3.212.144.110,https://www.facebook.com/NE-Piedmont-News-108836913847873/,NE Piedmont News,,,,,,,
nesdnews.com,40.0653735,-76.7149672,3.224.13.68,,,,,,,,,
netarrantnews.com,32.8382281,-97.2647979,3.213.234.4,,NE Tarrant News,,,,,,,
nevalleytimes.com,,,3.219.182.20,https://www.facebook.com/NE-Valley-Times-102939384461230/,NE Valley Times,,,,,,,
newisconsinnews.com,43.7844397,-88.7878678,3.218.216.245,,,,,,,,,
newrivervalleytimes.com,37.1318461,-80.5763967,3.212.144.110,,,,,,,,,
newyomingnews.com,-32.9282712,151.7816802,3.219.182.20,,,,,,,,,
nhbusinessdaily.com,,,34.234.42.207,https://facebook.com/New-Hampshire-Business-Daily-221139551844299,New Hampshire Business Daily,,,,,,,
njbusinessdaily.com,40.7761477,-74.0782949,34.234.42.207,https://www.facebook.com/New-Jersey-Business-Daily-230447581074974,New Jersey Business Daily,,,,,,,
nmbusinessdaily.com,,,34.234.42.207,https://facebook.com/New-Mexico-Business-Daily-2099932086932806,New Mexico Business Daily,,,,,,,
nolareporter.com,29.9510658,-90.0715323,3.213.234.4,,,,,,,,,
norcalrecord.com,38.8375215,-120.8958242,52.7.148.177,https://www.facebook.com/Northern-California-Record-975849335817140/,Northern California Record,norcal_record,https://itunes.apple.com/us/app/northern-california/id1250360608?mt=8,2016-03-31T18:43:15.000Z,7.15610426017316E+017,72,40,6364
nortextimes.com,33.672204,-96.670055,3.213.234.4,,Nortex Times,,,,,,,
northacadiananews.com,,,3.213.234.4,,,,,,,,,
northaustinnews.com,30.3923316,-97.708224,3.213.234.4,,North Austin News,,,,,,,
northbaltimorejournal.com,39.2903848,-76.6121893,35.170.88.147,https://www.facebook.com/,North Baltimore Journal,,,,,,,
northbirminghamtimes.com,33.5528646,-86.8216818,3.213.234.4,,,,,,,,,
northbluegrassnews.com,39.0627376,-94.8951695,3.213.234.4,https://business.facebook.com/North-Bluegrass-News-102291344493013/?business_id=898179107217559,North Bluegrass News,,,,,,,
northbrowardnews.com,26.3264542,-80.1824127,3.212.144.110,,North Broward News,,,,,,,
northcharlottetoday.com,35.2456474,-80.8017877,3.212.144.110,,North Charlotte Today,,,,,,,
northcharolettenews.com,35.2456474,-80.8017877,3.212.144.110,,,,,,,,,
northcincynews.com,39.3101759,-84.3363916,3.218.216.245,,,,,,,,,
northcoastalnews.com,33.2026432,-117.3664976,3.213.234.4,,North Coastal News,,,,,,,
northcolumbusnews.com,40.0137338,-83.006594,3.218.216.245,,,,,,,,,
northcooknews.com,42.0081016,-87.8971582,35.170.88.147,https://www.facebook.com/North-Cook-News-1509066772752076,North Cook News,northcooknews,,2015-11-16T22:51:29.000Z,4205338234,325,155,3614
northdsmnews.com,,,3.224.13.68,https://www.facebook.com/North-DSM-News-102122281204867/,North DSM News,,,,,,,
northegyptnews.com,26.820553,30.802498,35.170.88.147,https://www.facebook.com/North-Egypt-News-2042181879445200/,North Egypt News,,,,,,,
northernnecktimes.com,37.7731048,-76.3637285,3.212.144.110,,,,,,,,,
northfairfaxnews.com,34.0887848,-118.361552,3.212.144.110,,,,,,,,,
northfultontoday.com,34.0626731,-84.3204841,3.212.144.110,,,,,,,,,
northguilfordnews.com,41.3670418,-72.7170405,3.212.144.110,https://www.facebook.com/North-Guilford-News-117744056288004/,North Guilford News,,,,,,,
northgwinnettnews.com,34.0854513,-84.0710286,3.212.144.110,,,,,,,,,
northhennepinnews.com,45.1054194,-93.3745617,3.224.13.68,https://business.facebook.com/North-Hennepin-News-111056933643780/?business_id=898179107217559,North Hennepin News,,,,,,,
northhoustonnews.com,29.9195994,-95.5171162,3.213.234.4,,North Houston News,,,,,,,
northidahotimes.com,46.4152745,-117.0018462,3.219.182.20,,,,,,,,,
northindynews.com,40.0442165,-85.9867757,3.218.216.245,,,,,,,,,
northiowareporter.com,43.3888391,-93.9481549,3.224.13.68,https://www.facebook.com/North-Iowa-Reporter-109005527181560/,North Iowa Reporter,,,,,,,
northiredellnews.com,35.9295169,-80.8692097,3.212.144.110,https://www.facebook.com/North-Iredell-News-118400609555835/,North Iredell News,,,,,,,
northjeffconews.com,39.5800298,-105.2662931,3.219.182.20,,,,,,,,,
northkentnews.com,43.1649974,-85.5007774,3.218.216.245,https://business.facebook.com/North-Kent-MI-News-106957820699749/?business_id=898179107217559,North Kent News,,,,,,,
northkentuckynews.com,39.060296,-84.661122,3.213.234.4,https://business.facebook.com/North-Kentucky-News-112347873478666/?business_id=898179107217559,North Kentucky News,,,,,,,
northknoxnews.com,38.8350125,-87.3132612,3.213.234.4,,,,,,,,,
northlaketimes.com,32.8712166,-96.9673029,3.212.144.110,,North Lake Times,,,,,,,
northlittlerocktimes.com,34.769536,-92.2670941,3.213.234.4,,,,,,,,,
northmecklenburgnews.com,35.3726485,-80.8341515,3.212.144.110,https://www.facebook.com/North-Mecklenburg-News-116572919739799,North Mecklenburg News,,,,,,,
northmianews.com,,,3.212.144.110,,North Miami-Dade News,,,,,,,
northmichigannews.com,44.3148443,-85.6023643,3.218.216.245,https://business.facebook.com/North-Michigan-News-109368280456600/?business_id=898179107217559,North Michigan News,,,,,,,
northnevadanews.com,36.1988592,-115.1175013,3.219.182.20,,,,,,,,,
northnewcastlenews.com,44.0859102,-69.5742127,3.212.144.110,https://www.facebook.com/North-New-Castle-News-106071607478194/,North New Castle News,,,,,,,
northokcnews.com,35.5891883,-97.5852989,3.224.13.68,,,,,,,,,
northomahatimes.com,41.2851712,-96.0021764,3.224.13.68,,,,,,,,,
northorlandonews.com,28.5576504,-81.3642986,3.212.144.110,,North Orlando News,,,,,,,
northpalmbeachtoday.com,26.8171165,-80.0590804,3.212.144.110,,North Palm Beach Today,,,,,,,
northpanhandlenews.com,37.7757272,-122.4424773,3.212.144.110,,North Panhandle News,,,,,,,
northpanhandletimes.com,37.7757272,-122.4424773,3.212.144.110,,,,,,,,,
northpimanews.com,32.3357746,-111.044923,3.219.182.20,https://www.facebook.com/North-Pima-News-102790197809540/,North Pima News,,,,,,,
northpinellasnews.com,28.1324509,-82.7579555,3.212.144.110,,North Pinellas News,,,,,,,
northraleightoday.com,35.8812082,-78.6258319,3.212.144.110,https://www.facebook.com/North-Raleigh-Today-101883081216354/,North Raleigh Today,,,,,,,
northramseynews.com,35.1101187,-78.8772252,3.224.13.68,https://business.facebook.com/North-Ramsey-News-102264164531959/?business_id=898179107217559,North Ramsey News,,,,,,,
northrichmondtoday.com,37.9588126,-122.3674713,3.212.144.110,,,,,,,,,
northsanantonionews.com,29.4241219,-98.4936282,3.213.234.4,,North San Antonio News,,,,,,,
northshenandoahnews.com,30.1797428,-95.4483108,3.212.144.110,,,,,,,,,
northshorelanews.com,30.217696,-89.8208977,3.213.234.4,,,,,,,,,
northstlnews.com,38.6742828,-90.2619811,3.224.13.68,,,,,,,,,
northsummitnews.com,40.9157641,-111.3944821,3.218.216.245,,,,,,,,,
northtidewaternews.com,39.5239362,-86.3798605,3.212.144.110,,,,,,,,,
northtrianglenews.com,41.1043576,-85.1362679,3.212.144.110,https://www.facebook.com/North-Triangle-News-105840757485319/,North Triangle News,,,,,,,
northtulsatoday.com,36.1539816,-95.992775,3.224.13.68,,,,,,,,,
northtxnews.com,31.9685988,-99.9018131,3.213.234.4,,North Texas News,,,,,,,
northutahnews.com,,,3.219.182.20,,,,,,,,,
northvegastimes.com,36.1988592,-115.1175013,3.219.182.20,,,,,,,,,
northwakenews.com,35.9630137,-78.5183635,3.212.144.110,https://www.facebook.com/North-Wake-News-109237560477468/,North Wake News,,,,,,,
northwichitanews.com,37.6871761,-97.330053,3.224.13.68,,,,,,,,,
northwoodsreporter.com,43.852928,-83.962812,3.218.216.245,,,,,,,,,
novitimes.com,42.48059,-83.4754913,3.218.216.245,https://business.facebook.com/Novi-Times-103247554407002/?business_id=898179107217559,Novi Times,,,,,,,
nvbusinessdaily.com,,,34.234.42.207,https://facebook.com/Nevada-Business-Daily-523754801394758/,Nevada Business Daily,,,,,,,
nwalabamanews.com,34.3094882,-87.697554,3.213.234.4,,,,,,,,,
nwarkansasnews.com,36.0148605,-94.2333355,3.213.234.4,,,,,,,,,
nwatlantanews.com,33.7863836,-84.453236,3.212.144.110,,,,,,,,,
nwclarknews.com,,,3.219.182.20,,,,,,,,,
nwfranklinnews.com,40.9417229,-81.5415079,3.218.216.245,,,,,,,,,
nwgeorgianews.com,32.1656221,-82.9000751,3.212.144.110,,,,,,,,,
nwhoustonnews.com,29.8221298,-95.5722297,3.213.234.4,,NW Houston News,,,,,,,
nwillinoisnews.com,40.6331249,-89.3985283,35.170.88.147,https://www.facebook.com/NW-Illinois-News-386241278410290,NW Illinois News,NW_IllinoisNews,,2017-01-20T20:16:49.000Z,8.22538392273559E+017,67,0,903
nwiowanews.com,41.8780025,-93.097702,3.224.13.68,https://www.facebook.com/NW-Iowa-News-111152886960129/,NW Iowa News,,,,,,,
nwkansasnews.com,,,3.224.13.68,,,,,,,,,
nwkentuckynews.com,39.0319664,-84.4645836,3.213.234.4,https://business.facebook.com/NW-Kentucky-News-105957117456175/?business_id=898179107217559,NW Kentucky News,,,,,,,
nwlouisiananews.com,30.9842977,-91.9623327,3.213.234.4,,,,,,,,,
nwminnesotanews.com,46.729553,-94.6858998,3.224.13.68,https://business.facebook.com/NW-Minnesota-News-104290047660202/?business_id=898179107217559,NW Minnesota News,,,,,,,
nwmissnews.com,40.3519854,-94.8825243,3.213.234.4,,,,,,,,,
nwmissouritimes.com,40.3519854,-94.8825243,3.224.13.68,,,,,,,,,
nwmontananews.com,46.8796822,-110.3625658,3.219.182.20,https://www.facebook.com/Northwest-Montana-News-105852244168652/,Northwest Montana News,,,,,,,
nwnewmexiconews.com,34.5199402,-105.8700901,3.219.182.20,,NW New Mexico News,,,,,,,
nwohiotimes.com,41.6917165,-84.7332884,3.218.216.245,,,,,,,,,
nwoklahomanews.com,35.0077519,-97.092877,3.224.13.68,,,,,,,,,
nwtennnews.com,36.4163811,-89.0531725,3.213.234.4,,,,,,,,,
nwtwincities.com,,,3.224.13.68,https://business.facebook.com/NW-Twin-Cities-102320397859854/?business_id=898179107217559,NW Twin Cities,,,,,,,
nwvalleytimes.com,,,3.219.182.20,https://www.facebook.com/NW-Valley-Times-Arizona-116478283096686/,NW Valley Times,,,,,,,
nwwaynenews.com,,,3.218.216.245,https://business.facebook.com/Northwest-Wayne-News-115031663212614/?business_id=898179107217559,Northwest Wayne News,,,,,,,
nwwyomingnews.com,43.0759678,-107.2902839,3.219.182.20,,,,,,,,,
nybusinessdaily.com,,,34.234.42.207,https://www.facebook.com/New-York-Business-Daily-783820915340052,New York Business Daily,,,,,,,
ocalastandard.com,29.1871986,-82.1400923,3.212.144.110,,Ocala Standard,,,,,,,
ohbusinessdaily.com,,,34.234.42.207,https://www.facebook.com/Ohio-Business-Daily-220891118469791/,Ohio Business Daily,,,,,,,
ohiovalleytimes.com,38.8686397,-84.7821027,3.212.144.110,,,,,,,,,
okbusinessdaily.com,,,34.234.42.207,https://facebook.com/Oklahoma-Business-Daily-2038113229785394,Oklahoma Business Daily,,,,,,,
okcstandard.com,35.4675602,-97.5164276,3.224.13.68,,,,,,,,,
okeechobeetimes.com,27.2439349,-80.8297828,3.212.144.110,,Okeechobee Times,,,,,,,
oldnorthnews.com,35.596564,-82.5530036,3.212.144.110,https://www.facebook.com/Old-North-News-101380274600494/,Old North News,,,,,,,
omaharecord.com,41.2565369,-95.9345034,3.224.13.68,,,,,,,,,
onslownews.com,34.6540094,-77.4701972,3.212.144.110,https://www.facebook.com/Onslow-News-111657603563549/,Onslow News,,,,,,,
orbusinessdaily.com,,,34.234.42.207,https://www.facebook.com/Oregon-Business-Daily-201467027358188,Oregon Business Daily,,,,,,,
orlandostandard.com,28.5383355,-81.3792365,3.212.144.110,,Orlando Standard,,,,,,,
outerbankstimes.com,35.5584932,-75.4665158,3.212.144.110,https://www.facebook.com/Outer-Banks-Times-103345204402491/,Outer Banks Times,,,,,,,
oxfordreporter.com,51.7548164,-1.2543668,3.213.234.4,,,,,,,,,
ozaukeetimes.com,43.3819496,-87.6186379,3.218.216.245,,,,,,,,,
palmcoasttimes.com,29.5844524,-81.2078699,3.212.144.110,,Palm Coast Times,,,,,,,
palmettobusinessdaily.com,,,34.234.42.207,https://www.facebook.com/palmettobusinessdaily,Palmetto Business Daily,,,,,,,
palmettostatenews.com,34.8329741,-82.3118661,3.212.144.110,,,,,,,,,
panamacityreporter.com,30.1588129,-85.6602058,3.212.144.110,,Panama City Reporter,,,,,,,
panhandletimes.com,30.4212643,-87.2168913,3.213.234.4,,Panhandle Times,,,,,,,
pascoreporter.com,46.2305049,-119.0922316,3.212.144.110,,Pasco Reporter,,,,,,,
peacegardennews.com,48.999259,-100.0595201,3.224.13.68,,,,,,,,,
peachtreetimes.com,41.1795067,-112.0628938,3.212.144.110,,,,,,,,,
peedeenews.com,34.205833,-79.539167,3.212.144.110,,,,,,,,,
pelicanstatenews.com,30.4231225,-91.0527404,3.213.234.4,,,,,,,,,
pennrecord.com,41.2033216,-77.1945247,52.7.148.177,https://www.facebook.com/pages/Pennsylvania-Record/338776239487764,Pennsylvania Record,pennrecord,https://itunes.apple.com/us/app/pennsylvania-record/id623294648,2011-05-16T13:28:41.000Z,299652000,485,219,7867
pensacolatimes.com,30.421309,-87.2169149,3.212.144.110,,Pensacola Times,,,,,,,
peoriastandard.com,40.6936488,-89.5889864,35.170.88.147,https://www.facebook.com/Peoria-Standard-469649066574953/,Peoria Standard,peoria_standard,,2016-05-31T20:40:50.000Z,7.37745674448437E+017,136,19,1409
petroplexnews.com,31.9642354,-102.0970478,3.213.234.4,,Petroplex News,,,,,,,
phxreporter.com,33.4372686,-112.0077881,3.219.182.20,https://www.facebook.com/PHX-Reporter-101826427907463/,PHX Reporter,,,,,,,
pinaltoday.com,32.8162061,-111.2845025,3.219.182.20,https://www.facebook.com/PHX-Reporter-101826427907463/,Pinal Today,,,,,,,
pinebelttimes.com,40.0841555,-74.1750957,3.213.234.4,,,,,,,,,
pinehursttoday.com,35.1954345,-79.4694767,3.212.144.110,https://www.facebook.com/Pinehurst-Today-108624233872424/,Pinehurst Today,,,,,,,
pinellastimes.com,27.876394,-82.7778579,3.212.144.110,,Pinellas Times,,,,,,,
plattenews.com,40.9812543,-98.1515804,3.224.13.68,,,,,,,,,
pocatellotimes.com,42.8621042,-112.4506191,3.219.182.20,,,,,,,,,
polktimes.com,27.8617347,-81.6911559,3.212.144.110,,Polk Times,,,,,,,
pontiactimes.com,42.6389216,-83.2910468,3.218.216.245,https://business.facebook.com/Pontiac-Times-111550783569826/?business_id=898179107217559,Pontiac Times,,,,,,,
portagetimes.com,41.5758707,-87.1761455,3.218.216.245,,,,,,,,,
prairiestatewire.com,41.5255653,-87.6386099,35.170.88.147,https://www.facebook.com/Prairie-State-Wire-1121259961337606,Prairie State Wire,Prairie_Wire,,2017-08-15T20:06:00.000Z,8.97549959901446E+017,116,0,2067
princewilliamreporter.com,38.7621882,-77.4519474,3.212.144.110,,,,,,,,,
pulaskitimes.com,35.1998023,-87.0308412,3.213.234.4,,,,,,,,,
quincyreporter.com,42.2528772,-71.0022705,35.170.88.147,https://www.facebook.com/Quincy-Reporter-474680926275770/,Quincy Reporter,,,,,,,
racinesun.com,42.7261309,-87.7828523,3.218.216.245,,,,,,,,,
randolphcountynews.com,35.7449531,-79.8296743,3.212.144.110,https://www.facebook.com/Randolph-County-News-119232536138350/,Randolph County News,,,,,,,
renoreporter.com,39.5296329,-119.8138027,3.219.182.20,,,,,,,,,
ribusinessdaily.com,,,34.234.42.207,https://facebook.com/Rhode-Island-Business-Daily-1754163088005617,Rhode Island Business Daily,,,,,,,
richmondleader.com,37.5407246,-77.4360481,3.212.144.110,,,,,,,,,
riverbendtimes.com,38.931858,-95.0940356,3.224.13.68,https://www.facebook.com/River-Bend-Times-101474471267975/,River Bend Times,,,,,,,
riverparishnews.com,30.0763781,-90.5705609,3.213.234.4,,,,,,,,,
riverregiontimes.com,32.370541,-86.283722,3.213.234.4,,,,,,,,,
roanokesun.com,35.8897427,-75.6615384,3.212.144.110,,,,,,,,,
rockfordsun.com,42.2711311,-89.0939952,35.170.88.147,https://www.facebook.com/Rockford-Sun-232943860486838,Rockford Sun,Rockford_Sun,,2017-01-20T20:20:08.000Z,8.2253922465835E+017,69,0,877
rockislandtoday.com,41.5094771,-90.5787476,35.170.88.147,https://www.facebook.com/Rock-Island-Today-969031589833777,Rock Island Today,rockislandtoday,,2016-02-03T22:37:12.000Z,4875081551,128,19,2843
rockymounttoday.com,35.9382103,-77.7905339,3.212.144.110,https://www.facebook.com/Rocky-Mount-Today-115352959862275/,Rocky Mount Today,,,,,,,
romereporter.com,41.9027835,12.4963655,3.212.144.110,,,,,,,,,
rowannews.com,39.7089194,-75.1182734,3.212.144.110,https://www.facebook.com/Rowan-News-106127457456478/,Rowan News,,,,,,,
rushmorestatenews.com,43.9695148,-99.9018131,3.224.13.68,,,,,,,,,
rutherfordtimes.com,40.826489,-74.1068091,3.213.234.4,,,,,,,,,
sacorridornews.com,,,3.213.234.4,,San Antonio Corridor News,,,,,,,
sanantoniostandard.com,29.4241219,-98.4936282,3.213.234.4,,San Antonio Standard,,,,,,,
sandhillstoday.com,34.1294464,-80.8786538,3.224.13.68,,,,,,,,,
sandovalnews.com,38.6156043,-89.1142343,3.219.182.20,,Sandoval News,,,,,,,
sangamonsun.com,39.7337353,-89.6251646,35.170.88.147,https://www.facebook.com/sangamonsun,Sangamon Sun,SangamonSun,,2016-03-15T21:00:21.000Z,7.09846721421914E+017,181,20,2120
santafestandard.com,29.6773379,-82.4313148,3.219.182.20,,Santa Fe Standard,,,,,,,
sarasotareview.com,27.3364347,-82.5306527,3.212.144.110,,Sarasota Review,,,,,,,
savannahstandard.com,32.0808989,-81.091203,3.212.144.110,,,,,,,,,
sckansasnews.com,37.2494951,-96.9759724,3.224.13.68,,,,,,,,,
scmidlandnews.com,,,3.212.144.110,,,,,,,,,
scminnesotanews.com,46.729553,-94.6858998,3.224.13.68,https://business.facebook.com/SC-Minnesota-News-113239810090802/?business_id=898179107217559,SC Minnesota News,,,,,,,
scmissnews.com,35.098915,-80.885218,3.213.234.4,,,,,,,,,
scmissourinews.com,40.0780198,-93.6185224,3.224.13.68,,,,,,,,,
scnebraskanews.com,40.886728,-96.622094,3.224.13.68,,,,,,,,,
scoklahomanews.com,36.1513407,-95.9864865,3.224.13.68,,,,,,,,,
sctennnews.com,,,3.213.234.4,,,,,,,,,
sctexasnews.com,30.7158857,-97.7175626,3.213.234.4,,SC Texas News,,,,,,,
scvanews.com,33.809816,-117.9050978,3.212.144.110,,,,,,,,,
scwisconsinnews.com,43.7844397,-88.7878678,3.218.216.245,,,,,,,,,
sdbusinessdaily.com,,,34.234.42.207,https://www.facebook.com/South-Dakota-Business-Daily-407009999729039/,South Dakota Business Daily,,,,,,,
searizonanews.com,,,3.219.182.20,https://www.facebook.com/SE-Arizona-News-105278744161657/,SE Arizona News,,,,,,,
seatlantanews.com,,,3.212.144.110,,,,,,,,,
sebluegrassnews.com,41.6030056,-93.845103,3.213.234.4,https://business.facebook.com/SE-Bluegrass-News-106004234118073/?business_id=898179107217559,SE Bluegrass News,,,,,,,
secoloradonews.com,,,3.219.182.20,,,,,,,,,
sedallasnews.com,,,3.213.234.4,,SE Dallas News,,,,,,,
sedenvernews.com,,,3.219.182.20,,,,,,,,,
segeorgianews.com,41.6868723,44.769202,3.212.144.110,,,,,,,,,
segrandrapids.com,,,3.218.216.245,https://business.facebook.com/SE-Grand-Rapids-News-112969396760248/?business_id=898179107217559,SE Grand Rapids News,,,,,,,
sehoustonnews.com,29.6588431,-95.3311652,3.213.234.4,,SE Houston News,,,,,,,
seillinoisnews.com,56.3,-5.6499999,35.170.88.147,https://www.facebook.com/Southeast-Illinois-News-1706595809591228/,SE Illinois News,seillinoisnews,,2016-05-31T21:39:17.000Z,7.37760383709024E+017,141,19,1878
seindiananews.com,39.022532,-95.6607831,3.218.216.245,,,,,,,,,
seiowanews.com,41.8780025,-93.097702,3.224.13.68,https://www.facebook.com/SE-Iowa-News-120767729327293/,SE Iowa News,,,,,,,
sekansascitynews.com,,,3.224.13.68,,,,,,,,,
sekansasnews.com,37.6807344,-95.4535784,3.224.13.68,,,,,,,,,
sekentuckynews.com,39.020758,-95.662156,3.213.234.4,https://business.facebook.com/SE-Kentucky-News-102576881130573/?business_id=898179107217559,SE Kentucky News,,,,,,,
seminnesotanews.com,46.729553,-94.6858998,3.224.13.68,https://business.facebook.com/SE-Minnesota-News-100587221369269/?business_id=898179107217559,SE Minnesota News,,,,,,,
semissourinews.com,37.3148783,-89.5280438,3.224.13.68,,,,,,,,,
semontananews.com,,,3.219.182.20,https://www.facebook.com/Southeast-Montana-News-108673553883558/,Southeast Montana News,,,,,,,
senebraskanews.com,40.3816297,-95.8350987,3.224.13.68,,,,,,,,,
senorthcarolinanews.com,,,3.212.144.110,https://www.facebook.com/SE-North-Carolina-News-110819213651995/,SE North Carolina News,,,,,,,
seoaklandnews.com,45.4059452,-122.6096226,3.218.216.245,https://business.facebook.com/SE-Oakland-News-113424383380642/?business_id=898179107217559,SE Oakland News,,,,,,,
seohiotimes.com,,,3.218.216.245,,,,,,,,,
seoklahomanews.com,34.0056034,-96.3781707,3.224.13.68,,,,,,,,,
sesdnews.com,40.0542197,-111.7256911,3.224.13.68,,,,,,,,,
setennnews.com,,,3.213.234.4,,,,,,,,,
setexasrecord.com,30.063191,-94.134436,52.7.148.177,https://www.facebook.com/SETexasRecord/,Southeast Texas Record,setexasrecord,https://itunes.apple.com/us/app/se-texas-record/id592747678,2009-11-19T11:37:11.000Z,91086820,1136,1442,15399
setexastimes.com,30.063191,-94.134436,3.213.234.4,,SE Texas Times,,,,,,,
setwincities.com,44.9374831,-93.2009998,3.224.13.68,https://business.facebook.com/SE-Twin-Cities-114885659925192/?business_id=898179107217559,SE Twin Cities,,,,,,,
sevalleytimes.com,,,3.219.182.20,https://www.facebook.com/SE-Valley-Times-116771266400427/,SE Valley Times,,,,,,,
sevegasnews.com,,,3.219.182.20,,,,,,,,,
sewyomingnews.com,43.0759678,-107.2902839,3.219.182.20,,,,,,,,,
shelbyreporter.com,35.2923513,-81.5356463,3.213.234.4,,,,,,,,,
shelbyreview.com,35.2923513,-81.5356463,3.218.216.245,https://business.facebook.com/Shelby-Review-116959709691346/?business_id=898179107217559,Shelby Review,,,,,,,
shenandoahvalleynews.com,38.4834568,-78.8497485,3.212.144.110,,,,,,,,,
shiawasseetimes.com,42.949754,-84.1857115,3.218.216.245,https://business.facebook.com/Shiawassee-Times-104757504254810/?business_id=898179107217559,Shiawassee Times,,,,,,,
shoalstoday.com,32.7839979,-96.785897,3.213.234.4,,,,,,,,,
showmestatetimes.com,37.9642529,-91.8318334,3.224.13.68,,,,,,,,,
shreveportreporter.com,32.5251516,-93.7501789,3.213.234.4,,,,,,,,,
silnews.com,40.7545305,-73.9907115,35.170.88.147,https://www.facebook.com/pg/SouthernILNews,Southern Illinois News,,,,,,,
silverstatetimes.com,38.8026097,-116.419389,3.219.182.20,,,,,,,,,
siouxcitytimes.com,42.4963416,-96.4049408,3.224.13.68,https://www.facebook.com/Sioux-City-Times-102939701120339/,Sioux City Times,,,,,,,
siouxempiretoday.com,43.4998382,-96.7791089,3.224.13.68,,,,,,,,,
slctimes.com,40.7607793,-111.8910474,3.219.182.20,,,,,,,,,
smokymountaintoday.com,35.6531943,-83.5070203,3.213.234.4,,,,,,,,,
socalrecord.com,34.9592083,-116.419389,52.7.148.177,,Southern California Record,,,,,,,
soonerstatenews.com,35.0077519,-97.092877,3.224.13.68,,,,,,,,,
southabqnews.com,,,3.219.182.20,,South ABQ News,,,,,,,
southalabamatimes.com,30.6959406,-88.184236,3.213.234.4,,,,,,,,,
southashevillenews.com,35.5950581,-82.5514869,3.212.144.110,https://www.facebook.com/South-Asheville-News-106387787430394/,South Asheville News,,,,,,,
southatlantanews.com,33.7123595,-84.3844304,3.212.144.110,,,,,,,,,
southbendtimes.com,41.6763545,-86.2519898,3.218.216.245,,,,,,,,,
southbirminghamtimes.com,33.5185892,-86.8103567,3.213.234.4,,,,,,,,,
southbrazorianews.com,29.0444147,-95.5691126,3.213.234.4,,South Brazoria News,,,,,,,
southbrowardnews.com,26.0284499,-80.1421623,3.212.144.110,,South Broward News,,,,,,,
southcentralreporter.com,44.1741375,-94.0467865,35.170.88.147,https://www.facebook.com/South-Central-Reporter-500024923776682/,South Central Reporter,,,,,,,
southcharlottetoday.com,35.2270869,-80.8431267,3.212.144.110,#N/A,South Charlotte Today,,,,,,,
southcharolettenews.com,35.2270869,-80.8431267,3.212.144.110,#N/A,,,,,,,,
southcolumbusnews.com,34.1729951,-78.8148341,3.218.216.245,,,,,,,,,
southcooknews.com,41.5208804,-87.6535273,35.170.88.147,https://www.facebook.com/South-Cook-News-231679387276536,South Cook News,SouthCookNews,,2017-01-20T20:22:30.000Z,8.22539820891258E+017,104,0,1096
southcumberlandnews.com,35.257525,-85.7888721,3.213.234.4,,,,,,,,,
southcuyahoganews.com,41.2810016,-81.7463383,3.218.216.245,,,,,,,,,
southdfwnews.com,32.8234387,-97.0571668,3.213.234.4,,South DFW News,,,,,,,
southdsmnews.com,-33.961905,151.135023,3.224.13.68,https://www.facebook.com/South-DSM-News-107287824015641/,South DSM News,,,,,,,
southernindianatoday.com,37.9772035,-87.5442525,3.218.216.245,,,,,,,,,
southernwvnews.com,37.8510939,-82.0237783,3.212.144.110,,,,,,,,,
southfairfaxnews.com,38.9085472,-77.2405153,3.212.144.110,,,,,,,,,
southfranklinnews.com,40.0945408,-80.2878794,3.218.216.245,,,,,,,,,
southfultontoday.com,33.6576286,-84.6269824,3.212.144.110,,,,,,,,,
southgalvestonnews.com,29.3013479,-94.7976958,3.213.234.4,,South Galveston News,,,,,,,
southgeorgiatimes.com,-54.4138333,-36.5827165,3.212.144.110,,,,,,,,,
southguilfordnews.com,-31.9101748,115.9668664,3.212.144.110,https://www.facebook.com/South-Guilford-News-100112064728186/,South Guilford News,,,,,,,
southgwinnettnews.com,33.8543367,-84.0069031,3.212.144.110,,,,,,,,,
southhennepinnews.com,45.0208911,-93.5094574,3.224.13.68,https://business.facebook.com/South-Hennepin-News-102092271216305/?business_id=898179107217559,South Hennepin News,,,,,,,
southindynews.com,39.7292985,-86.1387589,3.218.216.245,,,,,,,,,
southiowanews.com,41.2770327,-93.8451731,3.224.13.68,https://www.facebook.com/South-Iowa-News-123170839086254/,South Iowa News,,,,,,,
southjeffconews.com,39.5925922,-105.0699891,3.219.182.20,,,,,,,,,
southkcnews.com,38.9523825,-94.507934,3.224.13.68,,,,,,,,,
southkentnews.com,42.8003912,-85.5077038,3.218.216.245,https://business.facebook.com/South-Kent-News-105842877478949/?business_id=898179107217559,South Kent News,,,,,,,
southknoxnews.com,38.6354339,-87.422056,3.213.234.4,,,,,,,,,
southlaketoday.com,32.9412363,-97.1341783,3.212.144.110,,South Lake Today,,,,,,,
southlouisiananews.com,30.0758846,-90.5015885,3.213.234.4,,,,,,,,,
southmecklenburgnews.com,35.1101132,-80.8609489,3.212.144.110,https://www.facebook.com/South-Mecklenburg-News-100968904641995/,South Mecklenburg News,,,,,,,
southmianews.com,,,3.212.144.110,,South Miami-Dade News,,,,,,,
southmichigannews.com,44.3148443,-85.6023643,3.218.216.245,https://business.facebook.com/South-Michigan-News-115775179810824/?business_id=898179107217559,South Michigan News,,,,,,,
southncnews.com,35.2340065,-80.8428388,3.212.144.110,https://www.facebook.com/South-North-Carolina-News-108664537201551/,South North Carolina News,,,,,,,
southnewcastlenews.com,40.977839,-80.3450645,3.212.144.110,https://www.facebook.com/South-New-Castle-News-103651217716865/,South New Castle News,,,,,,,
southohionews.com,43.920316,-66.064922,3.218.216.245,,,,,,,,,
southokcnews.com,35.3487921,-97.5475938,3.224.13.68,,,,,,,,,
southomahatimes.com,41.2125017,-95.9765238,3.224.13.68,,,,,,,,,
southorlandonews.com,28.4888126,-81.4398295,3.212.144.110,,South Orlando News,,,,,,,
southpalmbeachtoday.com,26.588958,-80.0386522,3.212.144.110,,South Palm Beach Today,,,,,,,
southpimanews.com,33.3933408,-111.8296428,3.219.182.20,https://www.facebook.com/South-Pima-News-115540836524090/,South Pima News,,,,,,,
southpinellastimes.com,27.876394,-82.7778579,3.212.144.110,,South Pinellas Times,,,,,,,
southraleighnews.com,35.7795897,-78.6381787,3.212.144.110,https://www.facebook.com/South-Raleigh-News-122305189162080/,South Raleigh News,,,,,,,
southsanantonionews.com,29.3631755,-98.5611142,3.213.234.4,,South San Antonio News,,,,,,,
southsidevanews.com,36.9818446,-76.6314756,3.212.144.110,,,,,,,,,
southstlnews.com,,,3.224.13.68,,,,,,,,,
southsummitnews.com,40.6366783,-111.274616,3.218.216.245,,,,,,,,,
southtidewaternews.com,33.8545559,-78.6265706,3.212.144.110,,,,,,,,,
southtrianglenews.com,14.6375615,121.0359796,3.212.144.110,https://www.facebook.com/South-Triangle-News-119493679447597/,South Triangle News,,,,,,,
southtulsatoday.com,36.1539816,-95.992775,3.224.13.68,,,,,,,,,
southutahnews.com,39.3209801,-111.0937311,3.219.182.20,,,,,,,,,
southwichitanews.com,37.6551594,-97.3406732,3.224.13.68,,,,,,,,,
southwinstonsalemnews.com,36.0998596,-80.244216,3.212.144.110,https://www.facebook.com/South-Winston-Salem-News-119205412808145/,South Winston Salem News,,,,,,,
sowisconsintimes.com,43.7844397,-88.7878678,3.218.216.245,,,,,,,,,
spartanburgreporter.com,34.9495672,-81.9320482,3.212.144.110,,,,,,,,,
springfieldstandard.com,37.2089572,-93.2922989,3.224.13.68,,,,,,,,,
springstimes.com,29.8343084,-82.7024274,3.219.182.20,,,,,,,,,
stcharlestimes.com,41.9141945,-88.3086867,3.224.13.68,,,,,,,,,
stclairtoday.com,43.016179,-82.6483442,3.218.216.245,https://business.facebook.com/St-Clair-Today-114311866624505/?business_id=898179107217559,St. Clair Today,,,,,,,
stcloudsun.com,45.5579451,-94.1632404,3.224.13.68,https://business.facebook.com/St-Cloud-Sun-110259113723778/?business_id=898179107217559,St. Cloud Sun,,,,,,,
stjoebentonharbor.com,42.0938577,-86.4895463,3.218.216.245,https://business.facebook.com/St-Joe-Benton-Harbor-News-107715530622760/?business_id=898179107217559,St. Joe-Benton Harbor News,,,,,,,
stlouisreporter.com,38.6270025,-90.1994042,3.224.13.68,,,,,,,,,
stlrecord.com,38.6270025,-90.1994042,52.7.148.177,https://www.facebook.com/stlrecord,St. Louis Record,St_Louis_Record,https://itunes.apple.com/us/app/st-louisrecord/id1260557950,2016-12-16T16:36:59.000Z,8.09799494934163E+017,23,0,1882
stlwestnews.com,38.5943733,-90.5365906,3.224.13.68,,,,,,,,,
stpaulreporter.com,44.9537029,-93.0899578,3.224.13.68,https://business.facebook.com/St-Paul-Reporter-110279643722234/?business_id=898179107217559,St. Paul Reporter,,,,,,,
stpetestandard.com,27.7676008,-82.6402915,3.212.144.110,,St. Pete Standard,,,,,,,
sturgiscoldwaternews.com,41.799217,-85.4191482,3.218.216.245,https://business.facebook.com/Sturgis-Coldwater-News-104885500909554/?business_id=898179107217559,Sturgis-Coldwater News,,,,,,,
sumtertimes.com,33.9204354,-80.3414693,3.212.144.110,,Sumter Times,,,,,,,
sunflowerstatenews.com,,,3.224.13.68,,,,,,,,,
sunshinesentinel.com,,,3.212.144.110,,Sun Shine Sentinel,,,,,,,
sussexreview.com,43.1338972,-88.2220372,3.212.144.110,https://www.facebook.com/Sussex-Review-111264033622037/,Sussex Review,,,,,,,
swarizonanews.com,,,3.219.182.20,https://www.facebook.com/SW-Arizona-News-105115704178015/,SW Arizona News,,,,,,,
swarkansastimes.com,36.0148605,-94.2333355,3.213.234.4,,,,,,,,,
swbluegrassnews.com,41.6936951,-93.6251416,3.213.234.4,https://business.facebook.com/SW-Bluegrass-News-114038463309089/?business_id=898179107217559,SW Bluegrass News,,,,,,,
swcoloradonews.com,39.6619154,-105.0351113,3.219.182.20,,,,,,,,,
swdallasnews.com,32.7766642,-96.7969879,3.213.234.4,,SW Dallas News,,,,,,,
swgeorgianews.com,31.3254159,-84.4382721,3.212.144.110,,,,,,,,,
swhoustonnews.com,29.6537418,-95.4568133,3.213.234.4,,SW Houston News,,,,,,,
swillinoisnews.com,45.4786522,-122.7231733,35.170.88.147,https://www.facebook.com/Southwest-Illinois-News-976392835784894,South West Illinois News,swillinoisnews,,2016-02-03T22:33:45.000Z,4875137266,152,19,2238
swindiananews.com,,,3.218.216.245,,,,,,,,,
swiowatimes.com,,,3.224.13.68,https://www.facebook.com/SW-Iowa-Times-124062808996714/,SW Iowa Times,,,,,,,
swkansasnews.com,39.011902,-98.4842465,3.224.13.68,,,,,,,,,
swlouisiananews.com,30.9842977,-91.9623327,3.213.234.4,,,,,,,,,
swminnesotatoday.com,46.729553,-94.6858998,3.224.13.68,https://business.facebook.com/SW-Minnesota-Today-103649764391775/?business_id=898179107217559,SW Minnesota Today,,,,,,,
swmissnews.com,46.818188,8.227512,3.213.234.4,,,,,,,,,
swmissourinews.com,37.9642529,-91.8318334,3.224.13.68,,,,,,,,,
swmontanatimes.com,46.8796822,-110.3625658,3.219.182.20,https://www.facebook.com/Southwest-Montana-News-100947377998569/,Southwest Montana News,,,,,,,
swnewmexiconews.com,33.130446,-107.254618,3.219.182.20,,SW New Mexico News,,,,,,,
swoklahomanews.com,35.0077519,-97.092877,3.224.13.68,,,,,,,,,
swtennnews.com,,,3.213.234.4,,,,,,,,,
swvalleytimes.com,45.4750236,-122.8148018,3.219.182.20,https://www.facebook.com/SW-Valley-Times-101232994634302/,SW Valley Times,,,,,,,
swvegasnews.com,36.1699412,-115.1398296,3.219.182.20,,,,,,,,,
swvirginianews.com,37.4315734,-78.6568942,3.212.144.110,,,,,,,,,
swwisconsinnews.com,43.7844397,-88.7878678,3.218.216.245,,,,,,,,,
swwyomingnews.com,43.0759678,-107.2902839,3.219.182.20,,,,,,,,,
tallahasseesun.com,30.4382559,-84.2807329,3.212.144.110,,Tallahassee Sun,,,,,,,
tamparepublic.com,,,3.212.144.110,,Tampa Republic,,,,,,,
theregionnews.com,41.9429811,-87.6806932,3.218.216.245,,,,,,,,,
thesconi.com,,,3.218.216.245,,,,,,,,,
thumbreporter.com,33.6391136,-111.8791945,3.218.216.245,https://business.facebook.com/Thumb-Reporter-108682560526571/?business_id=898179107217559,Thumb Reporter,,,,,,,
tnbusinessdaily.com,,,34.234.42.207,https://facebook.com/Tennessee-Business-Daily-1971010509596695/,Tennessee Business Daily,,,,,,,
toledoreporter.com,41.6528052,-83.5378674,3.218.216.245,,,,,,,,,
topekasun.com,39.0473451,-95.6751576,3.224.13.68,,,,,,,,,
treasurecoastsun.com,27.241604,-80.2748125,3.212.144.110,,Treasure Coast Sun,,,,,,,
treasurevalleytimes.com,34.508896,-97.172188,3.219.182.20,,,,,,,,,
tricitysun.com,33.4113567,-111.6858362,3.218.216.245,https://business.facebook.com/Tri-City-Sun-109273330467110/?business_id=898179107217559,Tri-City Sun,,,,,,,
triconews.com,45.8006438,-88.0775567,3.218.216.245,,,,,,,,,
trumballnews.com,41.2428563,-73.2006639,3.218.216.245,,,,,,,,,
tucsonstandard.com,32.2226066,-110.9747108,3.219.182.20,https://www.facebook.com/Tucson-Standard-115829333162253/,Tucson Standard,,,,,,,
tulsastandard.com,36.1539816,-95.992775,3.224.13.68,,,,,,,,,
tuscaloosaleader.com,33.2098407,-87.5691735,3.213.234.4,,,,,,,,,
tuscarawasnews.com,40.3978972,-81.4278984,3.218.216.245,,,,,,,,,
txbusinessdaily.com,,,34.234.42.207,https://www.facebook.com/txbusinessdaily,Texas Business Daily,,,,,,,
tylerreporter.com,32.3512601,-95.3010624,3.213.234.4,,Tyler Reporter,,,,,,,
upgazette.com,37.09024,-95.712891,3.218.216.245,https://business.facebook.com/UP-Gazette-117321146322386/?business_id=898179107217559,UP Gazette,,,,,,,
uppercumberlandtimes.com,36.1736109,-85.555018,3.213.234.4,,,,,,,,,
upperdeltanews.com,31.1300085,-87.8484821,3.213.234.4,,,,,,,,,
uppereasttx.com,31.9685988,-99.9018131,3.213.234.4,,Upper East Texas News,,,,,,,
upperwestscnews.com,,,3.212.144.110,,,,,,,,,
upstatescnews.com,34.8332582,-82.2975348,3.212.144.110,,,,,,,,,
utahvalleytimes.com,40.2787626,-111.7153739,3.219.182.20,,,,,,,,,
utbusinessdaily.com,,,34.234.42.207,https://www.facebook.com/Utah-Business-Daily-2029308027388517,Utah Business Daily,,,,,,,
vabusinessdaily.com,,,34.234.42.207,https://www.facebook.com/Virginia-Business-Daily-219747362174783/,Virginia Business Daily,,,,,,,
vacationlandtimes.com,41.4267255,-82.6614331,3.218.216.245,,,,,,,,,
volunteerstatenews.com,35.5174913,-86.5804473,3.213.234.4,,,,,,,,,
vtbusinessdaily.com,,,34.234.42.207,https://www.facebook.com/Vermont-Business-Daily-270091773743752,Vermont Business Daily,,,,,,,
wabusinessdaily.com,,,34.234.42.207,https://www.facebook.com/Washington-Business-Daily-184016308945096,Washington Business Daily,,,,,,,
wacoreporter.com,31.549333,-97.1466695,3.213.234.4,,Waco Reporter,,,,,,,
warnerrobinstoday.com,32.6130007,-83.624201,3.212.144.110,,,,,,,,,
warrenclintonnews.com,35.5844956,-92.4460492,3.218.216.245,,,,,,,,,
warrensun.com,35.9913167,-95.8098751,3.218.216.245,https://business.facebook.com/The-Warren-Sun-110015123724499/?business_id=898179107217559,The Warren Sun,,,,,,,
washingtoncotimes.com,45.5469616,-123.1386021,3.218.216.245,,,,,,,,,
washoenews.com,40.5608387,-119.6035495,3.219.182.20,,,,,,,,,
wastachnews.com,41.2816391,-111.5116469,3.219.182.20,,,,,,,,,
waterfordtoday.com,52.2593197,-7.1100702,3.218.216.245,https://business.facebook.com/Waterford-Today-117537322966727/?business_id=898179107217559,Waterford Today,,,,,,,
waterlootimes.com,50.71469,4.3991,3.224.13.68,https://www.facebook.com/Waterloo-Times-112715190136235/,Waterloo Times,,,,,,,
waukeshatimes.com,43.0116784,-88.2314813,3.218.216.245,,,,,,,,,
waynecountytoday.com,42.2790746,-83.336188,3.218.216.245,,,,,,,,,
wcalabamanews.com,34.236323,-85.5335532,3.213.234.4,,,,,,,,,
wcgeorgianews.com,33.7619391,-84.3879762,3.212.144.110,,,,,,,,,
wcindiananews.com,39.767889,-86.1658773,3.218.216.245,,,,,,,,,
wciowanews.com,42.9979484,-96.0582598,3.224.13.68,https://www.facebook.com/WC-Iowa-News-107454624005217/,WC Iowa News,,,,,,,
wcmichigannews.com,43.433226,-83.9360146,3.218.216.245,https://business.facebook.com/West-Central-Michigan-News-112859156772301/?business_id=898179107217559,West Central Michigan News,,,,,,,
wcminnesotanews.com,46.729553,-94.6858998,3.224.13.68,https://business.facebook.com/WC-Minnesota-News-102223587869263/?business_id=898179107217559,WC Minnesota News,,,,,,,
wcmissnews.com,,,3.213.234.4,,,,,,,,,
wcmissourinews.com,,,3.224.13.68,,,,,,,,,
wcnewmexiconews.com,34.5199402,-105.8700901,3.219.182.20,,WC New Mexico News,,,,,,,
wctexasnews.com,41.3068396,-72.9218006,3.213.234.4,,WC Texas News,,,,,,,
wcwisconsinnews.com,43.055827,-88.234843,3.218.216.245,,,,,,,,,
webertimes.com,36.1071562,-95.9754796,3.219.182.20,,,,,,,,,
westarapahoenews.com,39.62031,-104.332644,3.219.182.20,,,,,,,,,
westatlantanews.com,33.7383798,-84.4233849,3.212.144.110,,,,,,,,,
westbanklanews.com,29.8943052,-90.1088684,3.213.234.4,,,,,,,,,
westcentralreporter.com,31.420656,-100.467986,35.170.88.147,https://www.facebook.com/West-Central-Reporter-605712169581530,West Central Reporter,WestCentReport,,2016-02-14T22:29:14.000Z,4910687991,156,19,2686
westclevelandnews.com,35.142347,-84.8993132,3.218.216.245,,,,,,,,,
westcooknews.com,41.8834128,-87.8026049,35.170.88.147,https://www.facebook.com/West-Cook-News-337385456906651,West Cook News,westcooknews,,2016-02-03T22:27:44.000Z,4875063365,168,19,2524
westdfwnews.com,32.8369099,-97.0890715,3.213.234.4,,West DFW News,,,,,,,
westdsmnews.com,,,3.224.13.68,https://www.facebook.com/West-DSM-News-105518977533894/,West DSM News,,,,,,,
westernndnews.com,46.8303292,-100.768817,3.224.13.68,,,,,,,,,
westernsdnews.com,49.1927902,-98.0947215,3.224.13.68,,,,,,,,,
westernwaynetoday.com,41.4918202,-75.3985292,3.218.216.245,https://business.facebook.com/Western-Wayne-Today-105039360886409/?business_id=898179107217559,Western Wayne Today,,,,,,,
westflnews.com,,,3.212.144.110,,West Florida News,,,,,,,
westhamiltonnews.com,40.1983744,-74.7227333,3.218.216.245,,,,,,,,,
westhillsboroughnews.com,37.550014,-122.367407,3.212.144.110,,West Hillsborough News,,,,,,,
westhoustonnews.com,29.7604267,-95.3698028,3.213.234.4,,West Houston News,,,,,,,
westindynews.com,39.835105,-86.229793,3.218.216.245,,,,,,,,,
westlakenormannews.com,,,3.212.144.110,https://www.facebook.com/West-Lake-Norman-News-105785764154777/,West Lake Norman News,,,,,,,
westlucasnews.com,34.2242832,-79.7926652,3.218.216.245,,,,,,,,,
westnovanews.com,,,3.212.144.110,,,,,,,,,
westpennyroyalnews.com,41.5877492,-88.0112137,3.213.234.4,https://business.facebook.com/West-Pennyroyal-News-104155477637721/?business_id=898179107217559,West Pennyroyal News,,,,,,,
westrgvnews.com,,,3.213.234.4,,West RGV News,,,,,,,
westslcnews.com,40.7742989,-111.9004459,3.219.182.20,,,,,,,,,
weststarknews.com,40.7983958,-81.5231057,3.218.216.245,,,,,,,,,
weststlnews.com,38.6604955,-90.2878326,3.224.13.68,,,,,,,,,
westtwincities.com,44.9374831,-93.2009998,3.224.13.68,https://business.facebook.com/West-Twin-Cities-101347867958302/?business_id=898179107217559,West Twin Cities,,,,,,,
westtxnews.com,31.8023057,-97.0909551,3.213.234.4,,West Texas News,,,,,,,
westvolusianews.com,29.0279135,-81.3041697,3.212.144.110,,West Volusia News,,,,,,,
westwakenews.com,,,3.212.144.110,https://www.facebook.com/West-Wake-News-103362967734059/,West Wake News,,,,,,,
whitewatertimes.com,42.8336205,-88.7323272,3.218.216.245,,,,,,,,,
wibusinessdaily.com,,,34.234.42.207,https://www.facebook.com/Wisconsin-Business-Daily-2182735538629508,Wisconsin Business Daily,,,,,,,
wichitastandard.com,37.6871761,-97.330053,3.224.13.68,,,,,,,,,
willcountygazette.com,41.5054724,-88.0900762,35.170.88.147,https://www.facebook.com/Will-County-Gazette-1595575670754558/,Will County Gazette,WillCoGazette,,2016-05-31T21:44:32.000Z,7.37761705778761E+017,180,19,2915
williamsburgsun.com,37.2707022,-76.7074571,3.212.144.110,,,,,,,,,
williamsonnews.com,30.7591685,-97.6982272,3.213.234.4,,,,,,,,,
winstonsalemtimes.com,36.0998596,-80.244216,3.212.144.110,https://www.facebook.com/Winston-Salem-Times-106600967406055/,Winston Salem Times,,,,,,,
wintergardentoday.com,28.5652787,-81.5861847,3.213.234.4,,Winter Garden Today,,,,,,,
wiregrasstimes.com,38.943072,-94.358597,3.213.234.4,,,,,,,,,
wvbusinessdaily.com,40.7555245,-73.980845,34.234.42.207,https://www.facebook.com/West-Virginia-Business-Daily-271442843606789,West Virginia Business Daily,,,,,,,
wvheartlandnews.com,37.9502277,-95.3783108,3.212.144.110,,,,,,,,,
wvrecord.com,38.5976262,-80.4549026,52.7.148.177,https://www.facebook.com/WVRecord,West Virginia Record,wvrecord,https://itunes.apple.com/us/app/wv-record/id599538288,2009-11-19T11:38:43.000Z,91087040,3991,329,11660
wyandottetimes.com,42.2142064,-83.1499239,3.224.13.68,,,,,,,,,
wybusinessdaily.com,,,34.234.42.207,https://www.facebook.com/Wyoming-Business-Daily-2131087563834632/,Wyoming Business Daily,,,,,,,
yadkinvalleynews.com,36.2023597,-80.6770787,3.212.144.110,https://www.facebook.com/Yadkin-Valley-News-123089249083536/,Yadkin Valley News,,,,,,,
yavapainews.com,34.6463981,-112.4291464,3.219.182.20,https://www.facebook.com/Yavapai-News-115640873181490,Yavapai News,,,,,,,
yellowhammertimes.com,34.7217469,-86.6054124,3.213.234.4,,,,,,,,,
yellowstonetimes.com,44.427963,-110.588455,3.219.182.20,https://www.facebook.com/Yellowstone-Times-107523753999800/,Yellowstone Times,,,,,,,
youngstowntimes.com,41.0997803,-80.6495194,3.218.216.245,,,,,,,,,
